source,case_seq,case_no,case_name,doc_url,clause_title,opinion,opinion_source,gold_risk_level_candidate,articles,gold_risk_type_candidates,rationale,clause_text,review_status
법제처 OPEN API/prec,618675,2025누3738,재산세등 부과처분 취소,https://www.law.go.kr/DRF/lawService.do?OC=test&target=prec&ID=618675&type=HTML,(조 번호 미표기),(판단 불명확),판단 불명확,,,,"된 도시계획시설에 대하여 그 고시일부터 20년이 지날 때까지 그 시설의 설치에 관한 도시계획시설사업이 시행되지 아니하는 경우 그 도시계획시설결정은 그 고시일부터 20년이 되는 날의 다음 날에 그 효력을 잃는다’고 규정하고 있다. 2) 2018년 내지 2020년 귀속 재산세 등 부과처분에 관한 판단 가) 위와 같은 관련 규정의 내용에 비추어 살피건대, 이 사건 감면조항의 ‘10년 이상 장기간 미집행된 토지’란 국토계획법 제30조, 제32조에서 정한 도시ㆍ군계획시설결정 및 지형도면 고시가 이루어진 이후 그 도시ㆍ군계획시설결정에 따른 실시계획인가나 그에 상당하는 절차 등 후속 사업 절차가 진행되지 아니하고 있는 토지를 말한다고 봄이 타당하다. 갑 제1, 3, 4호증(가지번호 있는 것은 가지번호 포함, 이하 같다)의 각 기재에 따르면, 이 사건 각 토지는 1972. 7. 6. 서울특별시장에 의하여 그 당시 시행되던 구 도시계획법 등에 근거하여 서울특별시 고시 제89호(이하 ‘이 사건 고시’라 한다)로 도시계획시설(도로) 결정 및 지형도면이 고시된 사실이 인정된다. 나아가 앞서 든 증거들에 변론 전체의 취지를 종합하여 알 수 있는 다음 사정들, 즉 ① 관련 민사소송에서 ‘이 사건 각 토지는 이 사건 고시가 이루어진 후 도시계획사업이 시행되지 아니한 상황에서 일반 공중의 교통을 위한 도로로 사용되기 시작하였다’는 내용의 판결이 확정된 점, ② 피고는 2023. 4. 12.에서야 이 사건 고시로 도시계획시설(도로) 결정 고시된 ‘군자동 ○-○3~146-10간 도로개설공사’에 대하여 도시계획시설(도로)사업을 시행한다며 국토계획법 제88조 등에 의하여 실시계획을 작성한 점 등에 비추어, 2020년 귀속 재산세 과세기준일(2020. 6. 1.) 당시까지 위 도시계획시설(도로) 결정에 따른 실시계획인가나 그에 상당하는 절차 등 후속 사업 절차가 진행되지 않았다고 봄이 타당하다. 따라서 이 사건 각 토지는 2020년 귀속 재산세 과세기준일 당시까지 이 사건 감면조항에서 규정한 ‘10년 이상 장기간 미집행된 토지’에 해당한다. 원고의 이 부분 주장은 이유 있다. 나) 이에 대하여 피고는, 이 사건 각 토지 지상에 도로가 완공됨으로써 이 사건 도시계획사업은 실질적으로 그 집행이 완료되었다거나, 원고들이 관련 민사소송에서 승소한 이후 이 사건 각 토지에 대한 부당이득금을 지급받고 있는 이상 이 사건 각 토지가 재산권의 제한을 받고 있다고 볼 수 없다는 점에서, 이 사건 각 토지에 이 사건 감면조항을 적용할 수 없다고 주장한다. 그러나 조세나 부담금에 관한 법률의 해석에 관하여, 그 부과요건이거나 감면요건을 막론하고 특별한 사정이 없는 한 법문대로 해석할 것이고 합리적 이유 없이 확장해석하거나 유추해석하는 것은 허용되지 아니한다(대법원 2007. 10. 26. 선고 2007두9884 판결 등 참조). 이 사건 감면조항에 따르면, ‘국토계획법 제2조 제7호에 따른 도시계획시설(기반시설 중 도시ㆍ군관리계획으로 결정된 시설)일 것’, ‘국토계획법 제32조에 따라 해당 도시ㆍ군관리계획에 관한 지형도면이 고시되었을 것’, ‘지형도면이 고시된 후 10년 이상 장기간 미집행되었을 것’이라는 요건을 모두 갖추면 ‘재산세의 100분의 50을 경감 받고, 지방세법 제11조에 따라 부과되는 세액을 면제’ 받을 수 있다. 이 사건 각 토지가 2020년 귀속 재산세 과세기준일 당시까지 이 사건 감면조항이 규정하는 감면요건을 모두 갖추었음은 앞서 본 바와 같다. 이 사건 각 토지 지상에 사도가 조성되어 광진구가 이를 점유ㆍ관리하고 있고 그로 인하여 원고들이 광진구로부터 부당이득금을 지급받고 있다고 하더라도, 이는 이 사건 고시가 이루어진 후 도시계획사업이 시행되지 아니한 상황에서 당시 토지 소유자의 의사에 따라 이 사건 각 토지가 사도로 개설되었기 때문일 뿐이므로(갑 제1호증), 위와 같은 사정은 이 사건 감면조항의 요건 충족 여부에 영향을 미치지 못한다. 피고의 위 주장은 이유 없다. 3) 2021년, 2022년 귀속 각 재산세 등 부과처분에 관한 판단 가) 앞서 ","10년 이상 장기간 미집행된 토지’란 국토계획법 제30조, 제32조에서 정한 도시ㆍ군계획시설결정 및 지형도면 고시가 이루어진 이후 그 도시ㆍ군계획시설결정에 따른 실시계획인가나 그에 상당하는 절차 등 후속 사업 절차가 진행되지 아니하고 있는 토지를 말한다고 봄이 타당하다. 갑 제1, 3, 4호증(가지번호 있는 것은 가지번호 포함, 이하 같다)의 각 기재에 따르면, 이 사건 각 토지는 1972. 7. 6. 서울특별시장에 의하여 그 당시 시행되던 구 도시계획법 등에 근거하여 서울특별시 고시 제89호(이하",미검수
법제처 OPEN API/prec,618675,2025누3738,재산세등 부과처분 취소,https://www.law.go.kr/DRF/lawService.do?OC=test&target=prec&ID=618675&type=HTML,(조 번호 미표기),(판단 불명확),판단 불명확,,,," 점에서, 이 사건 각 토지에 이 사건 감면조항을 적용할 수 없다고 주장한다. 그러나 조세나 부담금에 관한 법률의 해석에 관하여, 그 부과요건이거나 감면요건을 막론하고 특별한 사정이 없는 한 법문대로 해석할 것이고 합리적 이유 없이 확장해석하거나 유추해석하는 것은 허용되지 아니한다(대법원 2007. 10. 26. 선고 2007두9884 판결 등 참조). 이 사건 감면조항에 따르면, ‘국토계획법 제2조 제7호에 따른 도시계획시설(기반시설 중 도시ㆍ군관리계획으로 결정된 시설)일 것’, ‘국토계획법 제32조에 따라 해당 도시ㆍ군관리계획에 관한 지형도면이 고시되었을 것’, ‘지형도면이 고시된 후 10년 이상 장기간 미집행되었을 것’이라는 요건을 모두 갖추면 ‘재산세의 100분의 50을 경감 받고, 지방세법 제11조에 따라 부과되는 세액을 면제’ 받을 수 있다. 이 사건 각 토지가 2020년 귀속 재산세 과세기준일 당시까지 이 사건 감면조항이 규정하는 감면요건을 모두 갖추었음은 앞서 본 바와 같다. 이 사건 각 토지 지상에 사도가 조성되어 광진구가 이를 점유ㆍ관리하고 있고 그로 인하여 원고들이 광진구로부터 부당이득금을 지급받고 있다고 하더라도, 이는 이 사건 고시가 이루어진 후 도시계획사업이 시행되지 아니한 상황에서 당시 토지 소유자의 의사에 따라 이 사건 각 토지가 사도로 개설되었기 때문일 뿐이므로(갑 제1호증), 위와 같은 사정은 이 사건 감면조항의 요건 충족 여부에 영향을 미치지 못한다. 피고의 위 주장은 이유 없다. 3) 2021년, 2022년 귀속 각 재산세 등 부과처분에 관한 판단 가) 앞서 본 바와 같이 국토계획법 제48조는 도시계획시설결정의 실효에 관하여 규정하고 있는데, 국토계획법 부칙(법률 제6655호) 제15조 제1항은 ‘이 법 시행 당시 종전의 도시계획법에 의한 도시계획시설은 이 법에 의한 도시계획시설로 본다’고 규정하고 있고, 위 부칙 제16조는 ‘이 법 시행 당시 종전의 도시계획법에 의하여 결정ㆍ고시된 도시계획시설로서 부칙 제15조 제1항의 규정에 의하여 도시계획시설로 보는 시설의 결정의 실효에 관한 결정ㆍ고시일의 기산일은 제48조의 규정에 불구하고 다음 각 호에 의한다’고 하면서, 제1호에서 ‘2000년 7월 1일 이전에 결정ㆍ고시된 도시계획시설의 기산일은 2000년 7월 1일’이라고 규정하고 있다. 나) 앞서 본 바와 같이, 이 사건 각 토지에 관한 도시계획시설(도로) 결정 및 지형도면 고시는 2000. 7. 1. 이전에 이루어졌고, 2000. 7. 1.로부터 20년이 지난 2020. 6. 30.까지 그 시설의 설치에 관한 도시계획시설사업이 시행되지 아니하였다. 따라서 국토계획법 제48조 제1항에 따라 이 사건 각 토지에 관한 도시계획시설결정은 2020. 7. 1.에 그 효력을 상실하였다(피고가 2023. 4. 12. 실시계획을 작성하는 등 후속 사업 절차를 진행하였다고 하더라도 이는 이미 실효된 도시계획시설결정에 대한 것이다). 따라서 이 사건 각 토지는 2020. 7. 1. 이후 이 사건 감면조항에서 정한 국토계획법 제2조 제7호에 따른 도시계획시설 요건을 갖추지 못하였으므로, 이 부분 과세처분과 관련하여 이 사건 각 토지가 국토계획법상 도시계획시설(도로) 내지 공공시설용지임을 전제로 하는 원고의 주장은 모두 받아들일 수 없다. 2021년 귀속 재산세, 2022년 귀속 각 부과처분은 적법하고, 원고의 이 부분 주장은 이유 없다. 4) 소결론 이 사건 처분 중 2019년 내지 2020년 귀속 재산세 등을 부과함에 있어 이 사건 감면조항을 적용하지 않은 별지3 목록 순번 1 내지 3 기재 각 금액을 초과하는 부분은 위법하므로 취소되어야 하고, 2021년, 2022년 귀속 재산세 등 부과처분은 적법하다. 3. 결론 면 원고의 청구는 위 인정범위 내에",국토계획법 제2조 제7호에 따른 도시계획시설(기반시설 중 도시ㆍ군관리계획으로 결정된 시설)일 것,미검수
법제처 OPEN API/prec,613245,2024도11353,업무상횡령·업무상배임·사립학교법위반,https://www.law.go.kr/DRF/lawService.do?OC=test&target=prec&ID=613245&type=HTML,(조 번호 미표기),(판단 불명확),판단 불명확,,,,"△학원의 이사이자 같은 학교법인이 설치ㆍ경영하는 ○○대학교 총장이었던 피고인은 2013. 6. 4.경 공소외 7 회사와 기간 2013. 8. 1.부터 2016. 7. 31.까지, 보증금 20,000,000원, 연간 장소사용료 15,000,000원으로 하여 공소외 7 회사가 ○○대학교의 구내서점을 임차 및 운영하기로 하는 구내서점 신규 설치 운영계약(이하 ‘이 사건 계약’이라 한다)을 체결하였다. (2) 공소외 7 회사는 이 사건 계약에 따른 장소사용료와 별도로 2013. 8. 16. 18,000,000원, 2014. 12. 15. 19,500,000원, 2015. 3. 4. 16,500,000원, 2015. 11. 10. 1,500,000원(이하 위 각 수입을 통틀어 ‘이 사건 각 수입’이라 한다)을 학교법인 △△학원에 기부금 명목으로 지급하였고, 피고인은 이 사건 각 수입을 학교법인 △△학원의 법인회계 계좌로 송금받았다. (3) 한편 학교법인 △△학원은 이 사건 각 수입 중 공소외 7 회사로부터 2013. 8. 16.에 지급받았던 18,000,000원은 2013. 8. 26. 공소외 7 회사에 환급하고, 나머지 수입 부분도 2015. 2. 2.부터 2016. 10. 18.까지 학교법인 △△학원의 교비회계로 전출조치 하였다. 다) 이러한 사실관계와 사정을 앞서 본 법리 및 법령에 비추어 살펴보면, 피고인이 공소외 7 회사 임대 관련 이 사건 각 수입을 교비회계가 아닌 법인회계로 편입하였다는 사정만으로 이 부분 업무상배임의 피해자로 특정된 학교법인 △△학원에 재산상의 손해를 가하였다거나 행위자인 피고인이나 제3자가 재산상 이익을 취득하였다고 보기 어렵다. 그 구체적 이유는 다음과 같다. (1) 이 사건 각 수입이 학교시설의 사용료 및 이용료 또는 학교가 학교교육에 사용할 목적으로 받은 기부금에 해당하여 교비회계에 편입되어야 할 성질의 것이었음은 인정된다. (2) 그러나 구 사립학교법이 법인회계와 교비회계를 엄격하게 구분하고 있는 사정만으로, 학교법인 △△학원이 각 회계별로 구분되는 별개의 독립한 권리의무의 주체로 당연히 분리된다고 보기 어렵다. 교비회계에 편입해야 할 수입을 법인회계로 편입한 경우, 교비회계의 측면에서 학교법인 △△학원에 재산상 손해가 발생한 것으로 평가할 수 있더라도, 동시에 이에 상응하는 법인회계 측면에서는 재산상 이익을 주었다고 평가할 수 있다. 결국 이 사건 각 수입이 법인회계로 편입되었다는 사정만으로는 학교법인 △△학원의 입장에서 전체적 재산가치의 감소를 가져오게 되어 총체적으로 보아 본인의 재산상태에 손해를 가하는 경우에 해당한다고 단정할 수 없다. (3) 한편 업무상배임죄는 본인에게 재산상의 손해를 가하는 외에 배임행위로 인하여 행위자 스스로 재산상의 이익을 취득하거나 제3자로 하여금 재산상의 이익을 취득하게 할 것을 요건으로 한다. 그런데 공소외 7 회사 임대 관련 수익금을 교비회계가 아닌 법인회계로 편입하였다는 것만으로 행위자인 피고인이나 학교법인 △△학원이 아닌 제3자가 어떠한 재산상 이익을 취득하였다고 보기는 어렵고, 이후의 환급조치나 교비회계 전출조치에 비추어 불법이득의사를 실현하는 행위로서의 배임행위가 있었다고 보기도 어렵다. 라) 그럼에도 원심은 판시와 같은 이유만으로 제2 공소사실을 유죄로 판단하였는바, 이러한 원심의 판단에는 업무상배임죄의 성립 등에 관한 법리를 오해함으로써 판결에 영향을 미친 잘못이 있다. 3. 파기 범위 이상의 이유로 원심판결 중 면소 부분(다만 ‘각종 소송비용 등 관련 업무상횡령 등’에 관한 면소 부분 제외)과 ‘구내서점 운영 임대료 관련 업무상배임’ 유죄 부분은 파기되어야 한다. 한편 원심은 ‘구내서점 운영 임대료 관련 업무상배임’ 부분과 나머지 유죄 부분이 포괄일죄 관계에 있다는 이유로 피고인에 대하여 하나의 형을 선고하였으므로, 결국 원심판결 중 위 면소 부분과 유죄 부분은 전부 파기되어야 한다. 4. 결론 그러므로 피고인의 나머지 상고이유에 대한 판단을 생략한 채 원심판결 중 ‘각종 소송","라 한다)을 체결하였다. (2) 공소외 7 회사는 이 사건 계약에 따른 장소사용료와 별도로 2013. 8. 16. 18,000,000원, 2014. 12. 15. 19,500,000원, 2015. 3. 4. 16,500,000원, 2015. 11. 10. 1,500,000원(이하 위 각 수입을 통틀어",미검수
법제처 OPEN API/prec,616719,2024나2048856,부당이득금,https://www.law.go.kr/DRF/lawService.do?OC=test&target=prec&ID=616719&type=HTML,(조 번호 미표기),(판단 불명확),판단 불명확,,,,"부재료는 가맹본부가 지정하는 업체에서 공급받아야 하는 필수품목에 해당한다고 보인다), 이는 가맹점사업자의 계약의 자유를 과도하게 제한하는 결과를 초래할 수 있어 부당하다. ④ 한편, ‘협의’의 사전적 의미는 ‘서로의 의견이 일치함’을 의미하는 합의와 달리 ‘둘 이상의 사람이 서로 협력하여 논의함’을 의미하는 것으로 그 사전적 의미가 다르고, 이 사건 각 가맹계약서는 ‘협의’와 ‘합의’를 구분하여 사용하고 있는데, 이 사건 각 가맹계약 제28조 제1항은 원·부재료 가격 변경을 ‘합의’가 아닌 ‘협의’의 대상으로 명시하고 있다. ⑤ 가맹사업법 제14조의2 제2항에서도 가맹본부와 가맹계약을 체결·유지하고 있는 가맹점사업자로만 구성된 가맹점사업자단체는 그 가맹본부에 대하여 가맹계약의 변경 등 거래 조건에 대한 협의를 요청할 수 있다고 규정하여, 거래조건 변경을 협의의 대상으로 규정하고 있다. ⑥ 만약 원·부재료 가격 변경 시 단순히 의견 수렴 및 교환 절차를 넘어 가맹점사업자들 전부와의 의사 합치를 요한다면, 가맹점사업자들 사이에 서로 이해관계가 일치하지 않을 경우 가맹본부로서는 외부의 시장 환경 및 경제여건의 변화에 탄력적으로 대응하는 데 어려움을 겪을 수밖에 없고, 피고가 1,000명이 넘는 가맹점사업자들과 거래를 하면서 가맹사업의 통일성 및 상품·용역의 동일성을 유지할 수 없어 가맹사업 자체의 유지·운영이 곤란해질 우려도 있다(이에 대하여 원고들은, 가맹사업법은 가맹점사업자와 소비자 간 거래 단계에서 품질기준 준수만을 요구하고 있는 점, 가맹본부가 가맹점사업자에게 원·부재료를 공급하는 것 자체가 가맹법상 가맹사업의 본질적 내용에 해당하는 것이 아니라는 점 등을 근거로, 원·부재료 가격을 가맹점사업자들에게 통일적으로 적용해야 하는 것은 아니라는 취지로 주장하나, 원·부재료의 공급가격에 차이가 생길 경우, 가맹점사업자들 간의 원가 구조에 중대한 불균형을 초래할 수 있고, 영업상의 공정한 경쟁을 저해하며 가맹사업의 균형성과 일관성을 해치게 될 수 있으므로, 원고들이 들고 있는 사정만으로, 가맹본부가 전체 가맹점사업자와 사이에 원·부재료의 공급가격을 동일하게 적용하고자 하는 것이 불필요한 것이라고 단정할 수는 없다). 이러한 사정을 고려할 때, 이 사건 각 가맹계약이 원·부재료의 가격 변경과 관련한 절차를 ‘합의’가 아닌 ‘협의’의 대상으로 정한 것은, 가맹사업의 일관성을 확보함과 동시에 가맹점사업자의 의견을 반영하기 위한 절충적 방안으로 이해하는 것이 타당하다. 3. 1, 2차 물대인상에 있어 실체적 하자(가격 변경의 필요성이 있는지)가 있는지에 관한 판단 』 ○ 제12면 제4행의 ""2차 물대인상""을 ""1, 2차 물대인상""으로 고친다. ○ 제12면 제17행의 ""가맹사업자들에게""를 ""가맹점사업자들에게""로 고친다. ○ 제13면 제5행과 제6행 사이에 다음의 내용을 추가한다. 『4) 가맹본부의 물품공급은 가맹사업의 본질적 요소가 아니므로, 피고가 가맹점사업자들로 하여금 자신을 거쳐 물품을 공급받도록 하면서 계약 체결 시점에 이미 정해진 물품 공급가격을 변경하고자 한다면 물품구입 및 공급에 직접적으로 소요되는 비용이 증가하였다는 등의 사정이 있어야 이를 정당화할 수 있는 것인데, 피고가 가격 인상 필요성의 원인으로 들고 있는 인건비나 임차료, 고정자산투자와 관련된 감가상각비 등은 물품공급 여부와 무관하게 소요되는 고정비적 성격의 비용에 불과하고, 영업이익률을 높이기 위한 목적 또한 물품구입 및 공급비용과는 무관한 사정으로, 위와 같은 사유는 물대인상을 정당화하는 근거가 되지 못한다.』 ○ 제13면 제7행부터 마지막 행까지를 다음과 같이 고친다. 『1) 앞서 든 증거들, 갑 제4, 18호증, 을 제23호증의 각 기재에 의하면, 1차 물대인상 전, 피고가 거래처인 □□□ 주식회","협의’와 ‘합의’를 구분하여 사용하고 있는데, 이 사건 각 가맹계약 제28조 제1항은 원·부재료 가격 변경을",미검수
법제처 OPEN API/prec,616719,2024나2048856,부당이득금,https://www.law.go.kr/DRF/lawService.do?OC=test&target=prec&ID=616719&type=HTML,(조 번호 미표기),(판단 불명확),판단 불명확,,,,"호증""으로 고친다. ○ 제28면 제16행의 ""원고의""를 ""원고들의""로 고친다. ○ 제29면 제10행 말미에 아래 내용을 추가한다. 『또한 구 가맹사업법(2024. 1. 2. 법률 제19912호로 개정되기 전의 것) 제11조 제2항 제12호 및 동법 시행령(2023. 11. 16. 대통령령 제33873호로 개정되기 전의 것) 제12조 제2호에 의하면, 가맹계약서에는 ""가맹점사업자의 영업설비·집기 등의 설치와 유지·보수 및 그 비용의 부담에 관한 사항""이 기재되어야 한다고 규정하고 있는데, 피고는 최초로 가맹점사업자들에게 POS 사용료를 부과하기 약 1년 전부터 아래 나)항에서 보는 바와 같이 가맹점사업자들에게 이 사건 교체에 관해 알린 후, 2023. 11. 6. 정보공개서 및 가맹계약서 수시변경등록 절차를 진행하여 POS 사용료를 가맹계약서(2023. 11. 29. 개정) 제19조의 계속가맹금 항목에 포함시켰는바, 이로써 POS 사용료 부과에 관한 근거가 마련되었다고도 볼 수 있다.』 ○ 제29면 제20행의 ""위 자료에도""부터 제30면 제1행까지를 다음과 같이 고친다. 『위 자료에 ‘신규 POS 시스템으로 교체한 이후 30,000원(부가가치세 제외)의 이용료가 부과된다.’는 내용이 기재되어 있다.』 ○ 제30면 제9행의 ""불리한 것으로""부터 제12행까지를 ""불리한 것으로 보이지 아니한다.""로 고친다. 3. 추가 판단 가. 원고들의 주장 요지 1) 원고들 가) 1차 물대인상 당시 △△패티의 구입단가는 팩당 6,490원에서 6,190원으로 인하된 상태였고, 2차 물대인상 당시 △△패티의 구입단가는 팩당 5,990원으로, 가슴살패티의 구입단가는 4,500원에서 4,480원으로 인하된 상태였다. 또한 피고의 매출액 대비 원가 비율은 해를 거듭할수록 하락하였고, 매출액 대비 영업이익률은 급상승하였다. 그럼에도 불구하고 피고는 △△패티와 가슴살패티의 구입단가 인상으로 인한 비용 증가가 있다거나, 외부 환경 변화로 인하여 누적된 비용증가가 있는 것처럼 가맹점사업자들을 기망하여 1, 2차 물대인상을 진행하였는바, 원고들은 2024. 6. 18.자 준비서면의 송달로써 이를 취소한다. 따라서 피고는 원고들에게 1, 2차 물대인상에 따라 피고가 원고들로부터 취득한 부당이득금 원금과 로열티 및 이에 따른 부가가치세 합계액 및 이에 대한 지연손해금을 지급할 의무가 있다. 나) 선택적으로, 피고는 이 사건 각 가맹계약 제28조 제1항을 위반하여 1, 2차 물대인상에 따른 가격인상분 상당의 이익을 취득하였고, 이로써 원고들에게 동액 상당의 손해를 입혔으므로, 이 사건 각 가맹계약 제44조 제1항에 따라 계약위반으로 지급받은 물대인상분 상당액 및 이에 대한 지연손해금을 지급할 의무가 있다. 2) 원고 9, 원고 49, 원고 62, 원고 67, 원고 77 피고는 1차 물대인상 이후 위 원고들과 가맹계약을 체결하면서 1차 물대인상 전 가격으로 △△패티를 공급하기로 약정하였음에도, 위 원고들에게 1차 물대인상 후의 가격으로 △△패티를 공급하였다. 따라서 피고는 위 원고들에게 이 사건 각 가맹계약 제44조 제1항에 따라 손해배상으로서 약정 가격과 실제 공급가격의 차액에 해당하는 금액을 지급할 의무가 있다. 나. 부당이득반환 청구에 관한 판단 살피건대, 1, 2차 물대인상 당시 가격 인상의 필요성이 없었다고 단정하기 어려운 점은 앞서 본 바와 같고, 피고가 가맹점사업자들에게 1, 2차 물대인상 당시 제시한 자료가 허위의 자료라는 점을 인정할 아무런 증거가 없는 점(원고들은, 피고가 브라질산 △△패티 구입가격 및 국내산 가슴살패티의 구입가격이 각각 20% 또는 19% 정도 올랐음을 근거로 제시한 것이 허위의 정보라고 주장하나, 피고가 제시한 △△패티와 가슴살",맹점사업자의 영업설비·집기 등의 설치와 유지·보수 및 그 비용의 부담에 관한 사항,미검수
법제처 OPEN API/prec,615699,2024다227606,임대차보증금·부당이득금,https://www.law.go.kr/DRF/lawService.do?OC=test&target=prec&ID=615699&type=HTML,(조 번호 미표기),(판단 불명확),판단 불명확,,,,"하게 채택하여 조사한 증거 등에 따르면 다음 사실을 알 수 있다. 가. 원고(반소피고, 이하 ‘원고’라 한다)는 2020. 8. 8. 피고(반소원고, 이하 ‘피고’라 한다)로부터 인천 부평구 (이하 생략) 외 2필지 (건물명 생략) (호수 생략)호(이하 ‘이 사건 부동산’이라 한다)를 월차임 없이 임대차보증금 165,000,000원에 임차하였고(이하 ‘이 사건 임대차계약’이라 한다), 같은 날 피고에게 계약금 15,000,000원을 지급하였다. 나. 이 사건 부동산은 원래 피고의 소유였다가 2017. 8. 18. 수탁자인 주식회사 생보부동산신탁 명의로 신탁을 원인으로 한 소유권이전등기가 마쳐진 상태였는데, 원고와 피고는 이 사건 임대차계약의 특약사항으로 ‘신탁은 잔금일에 말소하기로 한다.’고 정하였다. 다. 원고는 이 사건 임대차계약에서 정한 잔금일인 2020. 8. 14. 피고에게 나머지 임대차보증금 150,000,000원을 지급하였으나, 피고는 잔금일 이후에도 주식회사 생보부동산신탁 명의로 마쳐진 소유권이전등기를 말소하지 않았다. 라. 원고는 2021. 1. 21. 피고에게 ‘2021. 2. 3.까지 신탁등기말소절차를 이행하지 않을 경우 2021. 2. 4. 자로 이 사건 임대차계약을 해제한다.’는 취지의 내용증명우편을 보냈고, 위 내용증명은 2021. 1. 22. 피고에게 도달하였다. 마. 피고는 신탁재산의 귀속을 원인으로 2022. 7. 18. 이 사건 부동산에 관하여 피고 명의로 소유권이전등기를 마쳤다. 바. 원고는 임대차보증금을 반환받기 위하여 2022. 9. 21. 이 사건 부동산에 관한 강제경매를 신청하여 2022. 9. 22. 경매개시결정을 받았고, 2023. 11. 9. 위 경매절차에서 142,687,594원을 배당금으로 수령하였다. 사. 원고는 2024. 1. 2. 이 사건 부동산에서 퇴거하였다. 2. 본소 부분에 관한 판단 원고는 본소 부분에 대하여 상고하였으나, 상고장이나 상고이유서에 이 부분에 관한 상고이유의 기재가 없다. 3. 반소 부분에 관한 판단 가. 원심의 판단 원심은 반소에 관하여 그 판시와 같은 이유로 원고가 이 사건 임대차계약이 해지된 다음 날인 2021. 2. 5. 이후로서 피고가 구하는 2021. 2. 9.부터 원고가 피고에게 이 사건 부동산을 인도한 2024. 1. 2.까지 이 사건 부동산을 사용·수익하면서 이에 따른 이익을 얻었으므로 피고에게 이 사건 부동산의 차임 상당 부당이득금을 반환할 의무가 있다고 판단하였다. 나. 대법원의 판단 1) 그러나 원심의 위와 같은 판단은 다음과 같은 이유에서 수긍하기 어렵다. 가) 임차인은 월차임 없이 임차보증금만을 교부하고 임대차기간 중 건물을 점유·사용하여 수익하고 임대인은 임차보증금의 금융이익을 차임으로 이득할 것을 내용으로 하는 임대차계약에서 임대차기간이 만료된 경우에, 임대인이 임차보증금을 반환하지 않은 상태에서 임차인이 임차목적물을 계속 사용·수익한다고 하여 그 사용이익을 임차인이 부당이득하였다고 볼 수 없다(대법원 1979. 9. 25. 선고 79다762 판결, 대법원 2014. 5. 29. 선고 2013다72138 판결 등 참조). 나) 이 사건 임대차계약은 월차임 없이 임대차보증금만을 교부하는 이른바 채권적 전세계약으로서 특별한 사정이 없는 한 임대차보증금에 대한 이자 상당액은 점유·사용에 따른 차임 상당액과 대가관계에 있으므로(대법원 1976. 10. 26. 선고 76다1184 판결, 대법원 2010. 9. 30. 선고 2009다65942, 65959 판결 등 참조), 이 사건 임대차계약이 종료한 후 원고가 피고로부터 임대차보증금을 반환받지 않은 상태에서 이 사건 부동산을 계속 사용·수익한다고 하여 그 사용이익을 부당이득하였다고 보기는 어렵다. 2) 그럼에도 원심은 판시와 같은 이유만으로 차임 상당 부당이득금의 반환을 구하는 피고의 반소 청구를 일부 인용하였다. 이러한 원심의 판단에는 채권적 전세에 있어서 부당이득","라 한다), 같은 날 피고에게 계약금 15,000,000원을 지급하였다. 나. 이 사건 부동산은 원래 피고의 소유였다가 2017. 8. 18. 수탁자인 주식회사 생보부동산신탁 명의로 신탁을 원인으로 한 소유권이전등기가 마쳐진 상태였는데, 원고와 피고는 이 사건 임대차계약의 특약사항으로",미검수
법제처 OPEN API/prec,622129,2024가단610297,건물인도(본소)·보증금반환(반소),https://www.law.go.kr/DRF/lawService.do?OC=test&target=prec&ID=622129&type=HTML,(조 번호 미표기),위험,판례 문맥 추론 · 단일 신호,위험,,," 매수대금 중 102,000,000원은 피고 1의 어머니인 소외 2로부터, 186,000,000원은 피고 1로부터 각 지급되었다. 다. 한편, 2020. 5. 21. 원고와 피고 1 명의로, 원고가 피고 1에게 이 사건 부동산을 임대차보증금 250,000,000원, 임대차기간 2020. 7. 15.부터 2022. 7. 14.까지로 정하여 임대하는 내용의 임대차계약서(이하 위 계약서를 ‘이 사건 계약서’라 하고, 이에 의한 계약을 ‘이 사건 임대차계약’이라 한다)가 작성되었다. 라. 피고들은 2020. 7. 15. 위 부동산을 인도받아 현재까지 점유하여 사용하고 있다. 마. 원고는 이 사건 부동산에 관하여 2022. 3.부터 2024. 9.까지 고지된 관리비 합계 13,894,080원을 납부하였다. [인정근거] 다툼 없는 사실, 갑 제1 내지 7호증, 을 제5 내지 10호증의 각 기재, 변론 전체의 취지 2. 당사자들의 주장 가. 본소에 관한 주장 1) 원고의 주장 원고는 이 사건 부동산의 소유자로서, 피고들을 상대로 이 사건 부동산의 인도를 구하고, 피고들이 이 사건 부동산을 점유하는 동안 발생한 이 사건 부동산의 관리비를 대신 납부하였으므로 부당이득금으로 위 관리비 및 이에 대한 지연손해금의 지급을 구하며, 2024. 9. 2.부터 이 사건 부동산의 인도완료일까지 피고들의 이 사건 부동산 점유ㆍ사용으로 인한 부당이득금의 지급을 구한다. 2) 피고들의 주장 피고들은 원고로부터 이 사건 임대차계약에 따른 임대차보증금(이하 ‘이 사건 임대차보증금’이라 한다)을 반환받을 때까지는 원고의 인도청구에 응할 수 없다. 피고들은 원고와 원고가 이 사건 부동산의 관리비를 지급하기로 합의하였다. 나. 반소에 관한 주장 1) 피고들의 주장 ① 피고 2는 원고로부터 적법하게 수여받은 대리권의 범위 내에서 이 사건 임대차계약을 체결하였다. ② 설령 피고 2에게 이 사건 임대차계약 체결에 관한 대리권이 인정되지 않더라도, 원고는 이 사건 부동산의 소유권을 취득한 사실을 피고 2를 통해 인지하였고, 원고가 직접 관할 행정청에 이 사건 임대차보증금을 승계한다는 취지가 기재된 서류를 제출하였으며, 피고 2의 세대원 전입을 승낙한 이상 이 사건 임대차계약을 추인한 것이므로 이 사건 임대차계약의 효력은 원고에게 미친다. ③ 피고 1, 소외 2가 이 사건 부동산의 매수대금으로 지급한 돈 중 250,000,000원을 이 사건 임대차계약상 임대차보증금에 충당하기로 합의하였다. ④ 예비적으로 이 사건 임대차계약의 효력에 하자가 있다고 하더라도, 원고가 이 사건 부동산 소유권을 취득한 사실을 인지한 2020. 7. 24.경부터는 이 사건 임대차계약의 존재를 알고 이를 취소할 수 있었다고 할 것이므로, 위 2020. 7. 24.부터 3년이 경과한 이상 원고의 취소권은 소멸하였다. 2) 원고의 주장 ① 원고는 피고 1과 이 사건 임대차계약을 체결한 사실이 없고, 이 사건 임대차계약서는 무권대리인인 피고 2에 의해 작성된 것이다. ② 원고는 피고 2의 무권대리행위를 추인하지 않았다. ③ 설령 피고 2의 대리권이 인정된다고 하더라도 이 사건 임대차계약은 통정허위표시로서 무효이다. ④ 피고들은 이 사건 임대차계약상 임대차보증금을 지급하지 않았다. 3. 이 사건 임대차계약의 효력 유무에 관한 판단 가. 피고 2에게 적법한 대리권이 있었는지 여부 원고가 피고 2에게 이 사건 부동산 매수에 관한 업무 일체를 위임한 사실은 앞서 본 바와 같다. 그러나, 특별한 사정이 없는 한 부동산을 매수할 권한을 수여받은 대리인에게 그 부동산을 처분할 대리권도 있다고 볼 수 없는 것인데(대법원 1991. 2. 12. 선고 90다7364 판결 참조), 피고들이 제출한 증거들만으로는 원고가","사건 계약서’라 하고, 이에 의한 계약을",미검수
법제처 OPEN API/prec,599849,2019다255416,소유권이전등기,https://www.law.go.kr/DRF/lawService.do?OC=test&target=prec&ID=599849&type=HTML,(조 번호 미표기),(판단 불명확),판단 불명확,,,,"한 자’를 친일반민족행위자 중 하나로 규정하였다. 구법과 비교하면, 재산이 국가에 귀속되는 대상인 친일반민족행위자 요건에서 ‘한일합병의 공으로’ 부분을 삭제하는 개정을 한 것이다. 신법에 따르면 일제로부터 작위를 받은 자는 그 작위가 ‘한일합병의 공으로’ 받은 것이 아니라도 친일반민족행위자에 해당하게 된다. 바. 개정 친일재산귀속법 부칙 제2항(이하 ‘이 사건 부칙조항’이라 한다)은 ""위원회가 종전의 제2조 제1호에 따라 친일반민족행위자로 결정한 경우에는 제2조 제1호의 개정규정에 따라 결정한 것으로 본다. 다만 확정판결에 따라 이 법의 적용대상이 아닌 것으로 확정된 경우에는 그러하지 아니하다.""라고 규정하였다. 사. 그런데 원고는 ‘구법에 따라 이루어진 이 사건 국가귀속결정을 취소하는 판결이 행정소송에서 확정되었더라도 그 이후 법이 개정됨에 따라 이 사건 토지도 국가인 원고에게 귀속되었다.’는 전제에서, 민사소송으로 피고에게 이 사건 토지 등의 소유권이전등기 등을 구하고 있다. 2. 원고의 상고이유에 관한 판단 가. 쟁점 이 부분의 쟁점은 ‘원고가 이 사건 토지의 국가귀속결정을 취소한 이 사건 확정판결에도 불구하고 개정 친일재산귀속법에 따라 피고에게 이 사건 토지의 소유권이전등기 등을 구할 수 있는가.’이다. 이는 확정판결이 있는 경우 신법의 적용관계를 규율하는 이 사건 부칙조항 단서를 어떻게 해석할 것인가에 달려 있다. 나. 쟁점에 대한 판단 이 사건 부칙조항의 문언과 체계, 입법자의 의도, 헌법합치적 해석의 필요성 등에 비추어 보면, 이 사건 국가귀속결정이 확정판결로 취소된 이상 그 대상재산인 이 사건 토지에 대하여는 이 사건 부칙조항 단서에 따라 신법이 적용되지 않으므로, 신법이 적용됨을 전제로 한 원고의 소유권이전등기청구 등은 받아들일 수 없다. 상세한 이유는 다음과 같다. 1) 이 사건 부칙조항의 문언과 체계 이 사건 부칙조항 본문은 ""위원회가 종전의 제2조 제1호에 따라 친일반민족행위자로 결정한 경우에는 제2조 제1호의 개정규정에 따라 결정한 것으로 본다.""라고 규정한다. 여기에서의 ‘위원회’는 친일재산조사위원회를 의미한다(구법 제4조). 친일재산조사위원회의 업무에는 친일반민족행위자의 조사 및 선정, 즉 친일반민족행위자의 결정 업무가 포함되어 있다(구법 제5조 제1항 제1호). 누가 친일반민족행위자인지는 법에 한정적으로 열거되어 있다. 구법 제2조 제1호 (가)목은 ""한일합병의 공으로 작위를 받거나 이를 계승한 행위""를 한 자를 친일반민족행위자의 유형에 포함시켰다. 그런데 그 이후 ‘한일합병의 공으로’ 부분을 삭제하여 친일반민족행위자의 범위를 넓히는 내용의 신법이 시행되었다. 이와 관련하여 신법에 따라 어떤 재산을 국가에 귀속시키려면 새로운 국가귀속결정이 있어야 하는지가 문제 될 수 있었다. 그런데 국가귀속결정을 하는 위원회의 활동기간은 원칙적으로 4년으로 규정되어 있었고(구법 제9조 제1항), 신법 시행 전인 2010년에 이미 그 활동기간이 만료된 상황이었다. 이 사건 부칙조항 본문은 이러한 상황에서 새롭게 위원회를 조직한 뒤 조사절차를 거쳐 신법에 따른 국가귀속결정을 다시 내리는 번잡함을 피할 목적으로 구법 제2조 제1호에 따른 국가귀속결정을 신법 제2조 제1호에 따른 국가귀속결정으로 의제하는 조항이다(헌법재판소 2018. 4. 26. 선고 2016헌바454 전원재판부 결정 참조). 이 사건의 맥락에서 보면 이 사건 부칙조항 본문은 다음과 같은 의미를 가진다. 즉, 한일합병과 무관하게 작위를 받은 사람의 재산은 구법에 따르면 친일재산이 아니므로 국가에 귀속될 수 없다. 그런데 위원회가 구법하에서 그 재산에 대한 국가귀속결정을 내리는 경우가 있을 수 있다. 한편 신법 시행으로 위 재산은 사후적으로 친일재산의 범주에 포함되게 되었다. 이때 이 사건 부칙조항 본문에 따르면 구법을 잘못 적용하여 내려진 국가귀속결정이라고 하더라도 별도의 절차 없이 신법이 적용되어 내려진","라 한다)은 ""위원회가 종전의 제2조 제1호에 따라 친일반민족행위자로 결정한 경우에는 제2조 제1호의 개정규정에 따라 결정한 것으로 본다. 다만 확정판결에 따라 이 법의 적용대상이 아닌 것으로 확정된 경우에는 그러하지 아니하다",미검수
법제처 OPEN API/prec,599849,2019다255416,소유권이전등기,https://www.law.go.kr/DRF/lawService.do?OC=test&target=prec&ID=599849&type=HTML,(조 번호 미표기),(판단 불명확),판단 불명확,,,," 사건의 맥락에서 보면 이 사건 부칙조항 본문은 다음과 같은 의미를 가진다. 즉, 한일합병과 무관하게 작위를 받은 사람의 재산은 구법에 따르면 친일재산이 아니므로 국가에 귀속될 수 없다. 그런데 위원회가 구법하에서 그 재산에 대한 국가귀속결정을 내리는 경우가 있을 수 있다. 한편 신법 시행으로 위 재산은 사후적으로 친일재산의 범주에 포함되게 되었다. 이때 이 사건 부칙조항 본문에 따르면 구법을 잘못 적용하여 내려진 국가귀속결정이라고 하더라도 별도의 절차 없이 신법이 적용되어 내려진 정당한 국가귀속결정으로 의제된다. 그러한 의미에서 이 사건 부칙조항 본문은 구법하의 국가귀속결정에 대한 신법의 ‘적용’을 의제하는 것이기도 하다. 이 사건 부칙조항 단서는 ""확정판결에 따라 이 법의 적용대상이 아닌 것으로 확정된 경우에는 그러하지 아니하다.""라고 규정한다. 이는 친일반민족행위자의 특정한 재산에 대한 국가귀속결정 그 자체 또는 이로 인한 법률관계에 대한 구체적인 쟁송을 전제로 하여 판결이 확정된 경우에는 법적 안정성을 위하여 개정규정을 적용하지 않도록 한 조항이다(대법원 2016. 11. 9. 선고 2014두3228 판결 참조). 여기에서의 ‘확정판결’은 어떤 소송 유형에서 내려진 확정판결인지를 묻지 않는다. 중요한 것은 그 확정판결이 특정한 재산을 구법의 적용대상에서 제외하는 취지의 판결인가이다. 친일재산귀속법은 친일반민족행위자의 재산, 즉 친일재산의 국가귀속에 관한 법률로서 그 법률에서 정한 바에 따른 친일반민족행위자 및 친일재산을 그 적용대상으로 한다. 그런데 특정한 재산이 구법 제2조 제1호에 따른 친일반민족행위자의 재산에 속하지 않는다는 이유로 그 재산에 관한 국가귀속결정을 취소하는 판결이 확정되었다면, 그 확정판결은 그 재산이 구법의 적용대상에서 제외된다는 취지의 판결이나 다름없다. 이러한 확정판결이 존재하는 이상 그 이후 법이 개정되어 친일반민족행위자의 범위가 넓어졌더라도 신법을 소급하여 적용해서는 안 된다는 것이 이 사건 부칙조항 단서의 취지이다. 이 사건 부칙조항 단서의 ""그러하지 아니하다""는 바로 이러한 점을 나타내는 문언으로서 이 사건 부칙조항 본문에 따른 신법 적용의 의제에 대응하는 의미를 가지고 있다. 결론적으로, 이 사건 부칙조항 본문에 따르면 구법하의 국가귀속결정도 신법을 적용하여 이루어진 것으로 의제되나, 이 사건 부칙조항 단서에 따르면 특정한 재산을 구법 적용대상에서 제외한다는 취지의 판결이 이미 확정된 경우에는 신법의 적용 의제도 하지 않겠다는 의미를 담고 있다. 이 사건 부칙조항 단서를 그렇게 해석하는 이상, 특정한 재산의 국가귀속결정을 취소한 확정판결이 있는데도 신법의 적용에 따라 그 재산이 국가에 귀속되었음을 전제로 하는 민사소송은 허용될 수 없다. 2) 이 사건 부칙조항 단서에 관한 입법자의 의도 이 사건 부칙조항 단서의 입법 경위를 살펴보면, 특정 재산에 관한 국가귀속결정을 취소하는 판결이 확정되었다면 그 재산은 신법의 시행에도 불구하고 더 이상 국가에 귀속시키지 않는다는 것이 입법자의 의도로 보인다. 이러한 입법자의 의도는 이 사건 부칙조항 단서를 해석할 때 충분히 고려되어야 한다. 개정 친일재산귀속법은 소외인이 한일합병의 공으로 작위를 받은 것이 아니라는 이유로 구 친일재산귀속법의 적용대상이 아니라고 판단한 이 사건 확정판결에 대응하여 발의되었다. 발의 당시 개정법률안의 제안 이유에서는 이 사건 확정판결을 구체적으로 특정하면서 ""문맥상 해석에 치우친 판결이라 많은 논란의 여지가 있음""이라고 평가하기도 하였다. 이러한 개정법률안의 제안 취지는 특히 소외인이라는 특정인을 염두에 두면서 이 사건 확정판결에서 문제 되었던 ‘한일합병의 공으로’라는 제한을 삭제함으로써 친일반민족행위자 및 친일재산의 범위를 확장하기 위한 것이었다. 그러나 법률안 심사 과정에서 이 사건 확정판결을 통해 국가에 귀속될 수 없음이 종국적으로 선언된 재산을 신법에 의해 다시 국가에 귀속시킬 수 있게 하면 소급입법을 통한 재산권 박탈을 금지한 헌법 제13조 제2항 위반 논란이 발생할 수 있다는 지적이 있었다. 201","본문에 따르면 구법을 잘못 적용하여 내려진 국가귀속결정이라고 하더라도 별도의 절차 없이 신법이 적용되어 내려진 정당한 국가귀속결정으로 의제된다. 그러한 의미에서 이 사건 부칙조항 본문은 구법하의 국가귀속결정에 대한 신법의 ‘적용’을 의제하는 것이기도 하다. 이 사건 부칙조항 단서는 ""확정판결에 따라 이 법의 적용대상이 아닌 것으로 확정된 경우에는 그러하지 아니하다.",미검수
법제처 OPEN API/prec,599849,2019다255416,소유권이전등기,https://www.law.go.kr/DRF/lawService.do?OC=test&target=prec&ID=599849&type=HTML,(조 번호 미표기),(판단 불명확),판단 불명확,,,,"과를 가져온다. 반대의견의 요지는 다음과 같다. 즉, 친일재산귀속법에서 정한 친일재산은 친일재산귀속법 시행에 따라 그 취득·증여 등 원인행위 시에 소급하여 당연히 국가의 소유로 된다. 친일재산조사위원회의 국가귀속결정이 있다고 하더라도 이는 확인적 결정에 불과하므로 그 결정이 있어야 비로소 국가의 소유로 되는 것이 아니다. 친일재산의 국가귀속 법리에 따라 이 사건 부칙조항을 해석하면 이 사건 부칙조항 단서의 적용대상은 ‘친일재산조사위원회의 국가귀속결정’이다. 친일재산의 소유권은 당연히 국가에 소급적으로 귀속되므로 확정판결로 국가귀속결정이 취소되었더라도 국가가 친일반민족행위자와 그 상속인, 악의의 유증자·수증자를 상대로 친일재산의 소유권 반환 등을 구하는 민사소송을 제기하는 것은 허용된다고 보아야 한다. 그 구체적인 이유를 아래에서 살펴본다. 나. 친일재산의 당연한 국가귀속 1) 친일재산귀속법 제3조 제1항 본문은 ‘친일재산은 그 취득·증여 등 원인행위 시에 이를 국가의 소유로 한다.’고 규정한다. 따라서 친일재산귀속법에서 정한 친일재산은 친일반민족행위자가 친일재산을 취득한 시점에 소급하여 그 소유권이 국가에 귀속되고 그와 동시에 친일반민족행위자와 그 상속인, 악의의 유증자·수증자는 소유권을 상실한다. 친일재산은 친일재산귀속법의 시행에 따라 취득·증여 등 원인행위 시에 소급하여 당연히 국가의 소유로 되는 것이고, 친일재산조사위원회가 국가귀속결정을 하여야 비로소 국가의 소유로 되는 것이 아니다. 친일재산조사위원회의 국가귀속결정은 당해 재산이 친일재산에 해당한다는 사실을 확인하는 이른바 준법률행위적 행정행위의 성격을 가질 뿐이다(대법원 2008. 11. 13. 선고 2008두13491 판결 등 참조). 친일재산조사위원회의 국가귀속결정은 친일재산조사절차의 일환으로서 친일재산귀속법에 따라 국가에 귀속되어야 할 ‘친일재산에 해당한다.’는 사실의 확인행위이다. 제3자가 친일재산을 선의로 취득하거나 정당한 대가를 지급하고 취득함으로써 국가귀속결정을 할 수 없는 경우의 ‘친일재산확인결정’도 국가귀속결정과 본질적으로 같은 행위이다. 2) 친일재산조사위원회의 친일재산에 관한 국가귀속결정이나 친일재산확인결정에 대해서는 그 취소를 구하는 행정소송을 제기할 수 있고, 친일재산조사위원회의 국가귀속결정 이후 친일재산에 관하여 국가 앞으로 소유권이전등기가 마쳐졌다면 이를 다투는 친일반민족행위자 측에서는 소유권이전등기말소를 구하는 민사소송을 제기할 수 있다. 그러나 앞서 본 바와 같이 친일재산은 친일재산귀속법의 시행에 따라 취득·증여 등 원인행위 시에 소급하여 당연히 국가의 소유로 되는 것이고, 친일재산조사위원회가 국가귀속결정을 하여야 비로소 국가의 소유로 되는 것이 아니다. 그러므로 국가는 친일재산조사위원회의 국가귀속결정이나 친일재산확인결정이 없더라도 친일반민족행위자와 그 상속인 또는 악의의 유증자·수증자를 상대로 소유권에 기한 방해배제를 구하거나 부당이득반환을 구하는 민사소송을 제기할 수 있고, 법원은 친일재산조사위원회의 재산조사 및 국가귀속결정 또는 친일재산확인결정의 존부나 효력 유무와는 별도로 친일재산에 해당하는지 여부를 판단할 수 있다. 이때 친일재산조사위원회의 의결서는 친일재산의 국가귀속에 관한 증거자료로서의 의미를 가진다. 이처럼 친일재산조사위원회의 국가귀속결정이나 친일재산확인결정의 위법성을 다투는 행정소송과 친일재산의 소유권 귀속이나 그 소유권 침해 여부를 다투는 민사소송은 소송물이 다른 별개의 소송이므로 서로 기판력이 미치는 관계에 있지 아니하다. 다만 친일재산조사위원회에서 친일재산에 관하여 국가귀속결정이 이루어지면, 소송절차 없이 관리청의 촉탁으로 소유자를 ‘국’으로 하는 등기를 마침으로써 친일재산의 소유관계와 형식적인 등기현황의 불일치를 신속하게 해소할 수 있다. 3) 대상재산의 소유권이 친일재산귀속법의 시행에 따라 당연히 국가에 귀속되는지 여부는 개정 친일재산귀속법 제2조 제1호를 적용하여 판단하여야 하고, 이 사건 부칙조항 본문에 따를 것이 아니다(헌법재판소 2018. 4. 26. 선고 2017헌바88 전원재판부 결정 등 참","친일재산조사위원회의 국가귀속결정’이다. 친일재산의 소유권은 당연히 국가에 소급적으로 귀속되므로 확정판결로 국가귀속결정이 취소되었더라도 국가가 친일반민족행위자와 그 상속인, 악의의 유증자·수증자를 상대로 친일재산의 소유권 반환 등을 구하는 민사소송을 제기하는 것은 허용된다고 보아야 한다. 그 구체적인 이유를 아래에서 살펴본다. 나. 친일재산의 당연한 국가귀속 1) 친일재산귀속법 제3조 제1항 본문은",미검수
법제처 OPEN API/prec,599849,2019다255416,소유권이전등기,https://www.law.go.kr/DRF/lawService.do?OC=test&target=prec&ID=599849&type=HTML,(조 번호 미표기),(판단 불명확),판단 불명확,,,,"는 행정소송인 경우에는 위헌 여부에 관한 본안 판단을 하였으나(헌법재판소 2018. 4. 26. 선고 2016헌바454 전원재판부 결정 등 참조), 당해 소송이 소유권 귀속 또는 그 침해 여부 등을 다투는 민사소송인 경우에는 재판의 전제성이 없다고 보아 심판청구를 각하하였다(헌법재판소 2013. 7. 25. 선고 2012헌가1 전원재판부 결정 등 참조). 이 사건 부칙조항은 국가귀속결정을 대상으로 한 것일 뿐, 친일재산의 소유권 귀속과는 아무런 관련이 없음을 확인한 것이다. 다. 이 사건 부칙조항의 문언해석에 관하여 1) 이 사건 부칙조항 본문은 ""위원회가 종전의 제2조 제1호에 따라 친일반민족행위자로 결정한 경우에는 제2조 제1호의 개정규정에 따라 결정한 것으로 본다.""라고 규정한다. 이는 ‘친일재산조사위원회가 종전의 친일재산귀속법 제2조 제1호에 따라 친일재산의 국가귀속결정을 한 경우 그러한 결정을 개정 친일재산귀속법 제2조 제1호에 따른 결정으로 간주한다.’는 의미로서 그 대상은 친일재산조사위원회의 국가귀속결정으로 해석된다. 한편 이 사건 부칙조항 단서는 ""확정판결에 따라 이 법의 적용대상이 아닌 것으로 확정된 경우에는 그러하지 아니하다.""라고 규정한다. 일반적으로 본문과 단서로 구성된 조항에서 본문은 원칙을, 단서는 예외를 규정하므로, 단서는 당연히 본문을 전제로 한다(대법원 2016. 6. 9. 선고 2015다78536 판결 참조). 그렇다면 이 사건 부칙조항 단서는 ‘친일재산조사위원회가 종전의 친일재산귀속법 제2조 제1호에 따라서 한 국가귀속결정이 확정판결로 이 법의 적용대상이 아닌 것으로 확정된 경우에는 친일재산조사위원회의 국가귀속결정을 개정 친일재산귀속법 제2조 제1호에 따른 결정으로 보지 않는다.’는 의미로 해석함이 자연스럽다. 이와 같이 이 사건 부칙조항의 본문과 단서는 친일재산조사위원회의 국가귀속결정을 개정 친일재산귀속법 제2조 제1호에 따른 국가귀속결정으로 인정할 것인지에 관한 원칙과 예외를 규정하고 있을 뿐이고, 친일재산이 실체법적으로 국가에 귀속되는지 여부와는 무관한 조항이다. 이를 실체법적으로 친일재산의 국가귀속 여부를 정하는 조항으로 해석하는 것은 이 사건 부칙조항의 문언에 명백히 반한다. 2) 다수의견은 이 사건 부칙조항 단서에 대하여 특정한 재산을 구 친일재산귀속법의 적용대상에서 제외한다는 취지의 판결이 확정된 경우에 개정 친일재산귀속법의 적용에 따라 그 재산이 국가에 귀속되었음을 전제로 하는 민사소송도 허용될 수 없다는 취지로 해석한다. 즉 다수의견은 이 사건 부칙조항 단서에 따라 국가귀속결정 ‘대상재산’의 소유권 귀속에 관하여 개정 친일재산귀속법이 적용되지 않는다는 것이다. 그러나 이는 이 사건 부칙조항 문언의 가능한 해석의 한계를 넘는 논리적 비약일 뿐만 아니라 국가귀속결정에 소유권 귀속의 창설적 효력을 부여하는 결과를 가져온다. 친일재산의 국가귀속은 위원회의 국가귀속결정으로 이루어지는 것이 아니라 입법자가 결단한 친일재산귀속법의 시행으로 이루어지는 것임은 앞서 본 바와 같이 명백하고, 친일재산조사위원회의 국가귀속결정이 있었는지 여부에 관계없이 국가는 민사소송을 통해서 친일재산을 반환받을 수 있다. 그러나 다수의견에 따르면 이 사건 부칙조항 단서를 근거로 확정판결에 따라 종전 국가귀속결정을 개정 친일재산귀속법에 따른 국가귀속결정으로 볼 수 없게 되는 것에서 나아가 친일재산 국가귀속의 소급효에 따른 민사소송까지 제한하게 되므로, 이는 결국 친일재산의 국가귀속이 이루어지려면 친일재산조사위원회의 국가귀속결정이 있어야만 한다는 논리가 내재되어 있다고 볼 수밖에 없다. 이러한 다수의견은 친일재산의 국가귀속이 친일재산귀속법에서 정한 바에 따라 이루어지는 것으로서 민법 제187조에서 규정된 법률 규정에 의한 물권변동임을 명시한 대법원 판례의 법리와도 어긋난다. 개정 친일재산귀속법의 적용 범위에 관한 경과규정에 불과한 이 사건 부칙조항을 친일재산에 관한 국가귀속의 기준이 되는 조항으로 보는 것은 논리적 비약일 뿐 아니라 정당한 해석 방법이 아니다. 3) 이 사건 부","국가귀속결정을 대상으로 한 것일 뿐, 친일재산의 소유권 귀속과는 아무런 관련이 없음을 확인한 것이다. 다. 이 사건 부칙조항의 문언해석에 관하여 1) 이 사건 부칙조항 본문은 ""위원회가 종전의 제2조 제1호에 따라 친일반민족행위자로 결정한 경우에는 제2조 제1호의 개정규정에 따라 결정한 것으로 본다.",미검수
법제처 OPEN API/prec,599849,2019다255416,소유권이전등기,https://www.law.go.kr/DRF/lawService.do?OC=test&target=prec&ID=599849&type=HTML,(조 번호 미표기),(판단 불명확),판단 불명확,,,,"친일반민족행위자로 결정한 경우에는 제2조 제1호의 개정규정에 따라 결정한 것으로 본다.""라고 규정한다. 이는 ‘친일재산조사위원회가 종전의 친일재산귀속법 제2조 제1호에 따라 친일재산의 국가귀속결정을 한 경우 그러한 결정을 개정 친일재산귀속법 제2조 제1호에 따른 결정으로 간주한다.’는 의미로서 그 대상은 친일재산조사위원회의 국가귀속결정으로 해석된다. 한편 이 사건 부칙조항 단서는 ""확정판결에 따라 이 법의 적용대상이 아닌 것으로 확정된 경우에는 그러하지 아니하다.""라고 규정한다. 일반적으로 본문과 단서로 구성된 조항에서 본문은 원칙을, 단서는 예외를 규정하므로, 단서는 당연히 본문을 전제로 한다(대법원 2016. 6. 9. 선고 2015다78536 판결 참조). 그렇다면 이 사건 부칙조항 단서는 ‘친일재산조사위원회가 종전의 친일재산귀속법 제2조 제1호에 따라서 한 국가귀속결정이 확정판결로 이 법의 적용대상이 아닌 것으로 확정된 경우에는 친일재산조사위원회의 국가귀속결정을 개정 친일재산귀속법 제2조 제1호에 따른 결정으로 보지 않는다.’는 의미로 해석함이 자연스럽다. 이와 같이 이 사건 부칙조항의 본문과 단서는 친일재산조사위원회의 국가귀속결정을 개정 친일재산귀속법 제2조 제1호에 따른 국가귀속결정으로 인정할 것인지에 관한 원칙과 예외를 규정하고 있을 뿐이고, 친일재산이 실체법적으로 국가에 귀속되는지 여부와는 무관한 조항이다. 이를 실체법적으로 친일재산의 국가귀속 여부를 정하는 조항으로 해석하는 것은 이 사건 부칙조항의 문언에 명백히 반한다. 2) 다수의견은 이 사건 부칙조항 단서에 대하여 특정한 재산을 구 친일재산귀속법의 적용대상에서 제외한다는 취지의 판결이 확정된 경우에 개정 친일재산귀속법의 적용에 따라 그 재산이 국가에 귀속되었음을 전제로 하는 민사소송도 허용될 수 없다는 취지로 해석한다. 즉 다수의견은 이 사건 부칙조항 단서에 따라 국가귀속결정 ‘대상재산’의 소유권 귀속에 관하여 개정 친일재산귀속법이 적용되지 않는다는 것이다. 그러나 이는 이 사건 부칙조항 문언의 가능한 해석의 한계를 넘는 논리적 비약일 뿐만 아니라 국가귀속결정에 소유권 귀속의 창설적 효력을 부여하는 결과를 가져온다. 친일재산의 국가귀속은 위원회의 국가귀속결정으로 이루어지는 것이 아니라 입법자가 결단한 친일재산귀속법의 시행으로 이루어지는 것임은 앞서 본 바와 같이 명백하고, 친일재산조사위원회의 국가귀속결정이 있었는지 여부에 관계없이 국가는 민사소송을 통해서 친일재산을 반환받을 수 있다. 그러나 다수의견에 따르면 이 사건 부칙조항 단서를 근거로 확정판결에 따라 종전 국가귀속결정을 개정 친일재산귀속법에 따른 국가귀속결정으로 볼 수 없게 되는 것에서 나아가 친일재산 국가귀속의 소급효에 따른 민사소송까지 제한하게 되므로, 이는 결국 친일재산의 국가귀속이 이루어지려면 친일재산조사위원회의 국가귀속결정이 있어야만 한다는 논리가 내재되어 있다고 볼 수밖에 없다. 이러한 다수의견은 친일재산의 국가귀속이 친일재산귀속법에서 정한 바에 따라 이루어지는 것으로서 민법 제187조에서 규정된 법률 규정에 의한 물권변동임을 명시한 대법원 판례의 법리와도 어긋난다. 개정 친일재산귀속법의 적용 범위에 관한 경과규정에 불과한 이 사건 부칙조항을 친일재산에 관한 국가귀속의 기준이 되는 조항으로 보는 것은 논리적 비약일 뿐 아니라 정당한 해석 방법이 아니다. 3) 이 사건 부칙조항 본문은 ‘친일재산조사위원회의 국가귀속결정’에 대한 구 친일재산귀속법과 개정 친일재산귀속법의 적용 범위에 관한 기준을 정하는 경과규정이고, 이 사건 부칙조항 단서는 그 예외규정이다. 이 사건 부칙조항의 본문과 단서는 구 친일재산귀속법을 적용하여 한 친일재산조사위원회의 국가귀속결정이 개정 친일재산귀속법에 따른 국가귀속결정에 해당하는지 여부로 적용 범위가 한정된다. 그런데 다수","단서는 ""확정판결에 따라 이 법의 적용대상이 아닌 것으로 확정된 경우에는 그러하지 아니하다.",미검수
법제처 OPEN API/prec,599849,2019다255416,소유권이전등기,https://www.law.go.kr/DRF/lawService.do?OC=test&target=prec&ID=599849&type=HTML,(조 번호 미표기),(판단 불명확),판단 불명확,,,,"귀속이 친일재산귀속법에서 정한 바에 따라 이루어지는 것으로서 민법 제187조에서 규정된 법률 규정에 의한 물권변동임을 명시한 대법원 판례의 법리와도 어긋난다. 개정 친일재산귀속법의 적용 범위에 관한 경과규정에 불과한 이 사건 부칙조항을 친일재산에 관한 국가귀속의 기준이 되는 조항으로 보는 것은 논리적 비약일 뿐 아니라 정당한 해석 방법이 아니다. 3) 이 사건 부칙조항 본문은 ‘친일재산조사위원회의 국가귀속결정’에 대한 구 친일재산귀속법과 개정 친일재산귀속법의 적용 범위에 관한 기준을 정하는 경과규정이고, 이 사건 부칙조항 단서는 그 예외규정이다. 이 사건 부칙조항의 본문과 단서는 구 친일재산귀속법을 적용하여 한 친일재산조사위원회의 국가귀속결정이 개정 친일재산귀속법에 따른 국가귀속결정에 해당하는지 여부로 적용 범위가 한정된다. 그런데 다수의견은 이 사건 부칙조항 단서가 ‘친일재산조사위원회의 국가귀속결정’에 대한 개정 친일재산귀속법 적용 여부에 관한 규정이 아니라 친일재산에 대한 개정 친일재산귀속법의 적용을 배제하는 규정이라고 하면서 친일재산의 소유권 귀속을 기초로 한 소유권이전등기청구, 부당이득반환청구 등의 민사소송까지 허용될 수 없다고 해석한다. 이처럼 이 사건 부칙조항 단서가 친일재산의 국가귀속 여부까지 규정하고 있다고 해석하는 것은 꼬리가 몸통을 흔드는 격으로서 경과규정에 불과한 이 사건 부칙조항의 문언과 체계에 어긋남이 분명하다. 나아가 이 사건 부칙조항 단서가 개정 친일재산귀속법에 따른 소유권 귀속의 범위를 축소할 근거가 될 수는 없다. 이 사건 부칙조항 단서는 구 친일재산귀속법 제2조 제1호에 따른 국가귀속결정이 확정판결로 취소된 경우에 이를 개정 친일재산귀속법 제2조 제1호를 적용한 적법한 결정으로 되살리거나 개정 친일재산귀속법을 기준으로 그 위법성을 새로 판단할 수 없다는 원칙을 확인한 것에 그치는 것이다. 만약 확정판결로 취소된 국가귀속결정에 대해서까지 개정 친일재산귀속법을 적용하여 적법한 결정으로 본다면, 이는 확정판결에 반할 수 있으므로 이 사건 부칙조항 단서는 확정판결의 기판력에 저촉되거나 확정판결의 내용 자체를 뒤집는 입법을 제한하겠다는 취지로 보아야 하고, 실체법적으로 국가에 대한 친일재산의 소유권 귀속은 이 사건 부칙조항과 무관하게 개정 친일재산귀속법의 소급적용에 따르는 것이 문언에 충실한 해석이다. 따라서 이 사건 부칙조항 단서가 개정 친일재산귀속법에 따라 국가에 귀속된 친일재산에 관하여 그 소유권 반환 등을 구하는 민사소송에까지 개정 친일재산귀속법의 적용을 배제하는 법적 근거가 된다고 볼 수 없다. 라. 이 사건 부칙조항에 대한 입법자의 진정한 의도가 과연 무엇인가 1) 친일재산귀속법은 2005. 12. 29. 일제의 식민통치에 협력하고 우리 민족을 탄압한 반민족행위자가 그 당시 친일반민족행위로 축재한 재산을 국가에 귀속시킴으로써 정의를 구현하고 민족의 정기를 바로 세우며 일제에 저항한 3·1운동의 헌법이념을 구현함을 목적으로 제정되었다(친일재산귀속법 제1조). 그런데 소외인이 일제로부터 받은 후작 작위가 ‘한일합병의 공으로’ 받은 것이라고 보기 어렵다는 이유로 국가귀속결정을 취소하는 이 사건 확정판결이 2010. 11. 2. 확정된 이후 친일재산귀속법의 개정법률안이 2011. 2. 28. 발의되었다. 개정법률안은 ‘이 사건 확정판결에 대하여 문맥상 해석에 치우친 판결이라 많은 논란의 여지가 있었고, 논란이 되고 있는 작위와 관련한 사항을 준거 법률인 반민족규명법이 아니라 원법인 친일재산귀속법에서 분명히 규정하고, 친일재산조사위원회가 이미 해체된 상태이므로 개정규정에 관한 조사를 법무부장관이 수행하게 한다.’는 취지의 내용을 제안 이유로 삼고 있었다. 이에 따른 개정법률안의 내용은 다음과 같다. ‘재산이 국가에 귀속되는 대상인 친일반민족행위자’의 정의 중 반민족규명법 제2조 제7호 ‘한일합병의 공으로 작위를 받거나 이를 계승한 행위’에 귀속 규정된 부분을 삭제하고, 독립된 조항으로 ‘친일반민족행위진상규명위원회가 결정한 친일반민족행위자 중 일제로부터 작위를 받거나 이를 계승한 자’를 신설","친일재산조사위원회의 국가귀속결정’에 대한 구 친일재산귀속법과 개정 친일재산귀속법의 적용 범위에 관한 기준을 정하는 경과규정이고, 이 사건 부칙조항 단서는 그 예외규정이다. 이 사건 부칙조항의 본문과 단서는 구 친일재산귀속법을 적용하여 한 친일재산조사위원회의 국가귀속결정이 개정 친일재산귀속법에 따른 국가귀속결정에 해당하는지 여부로 적용 범위가 한정된다. 그런데 다수의견은 이 사건 부칙조항 단서가",미검수
법제처 OPEN API/prec,599849,2019다255416,소유권이전등기,https://www.law.go.kr/DRF/lawService.do?OC=test&target=prec&ID=599849&type=HTML,(조 번호 미표기),(판단 불명확),판단 불명확,,,,"귀속시킴으로써 정의를 구현하고 민족의 정기를 바로 세우며 일제에 저항한 3·1운동의 헌법이념을 구현하고자 하는 친일재산귀속법의 입법 취지와 입법 목적에 부합한다고 할 것인가. 부칙조항을 포함한 법률의 해석은 법 문언 그 자체에서 출발하여야 한다. 입법자의 의도가 무엇인지 불분명한 상황에서 입법자의 의도를 추론하여 논리적 비약을 시도하여서는 아니 된다. 이 사건 부칙조항 단서의 문언에 따를 때 그 적용대상이 ‘친일재산조사위원회의 국가귀속결정’으로 한정하여 해석되는 이상, 법원은 법 문언에 맞는 해석을 하여야 하고, 다수의견처럼 입법자의 의도가 개정 친일재산귀속법에 따른 국가의 실체법적인 소유권 행사까지 배제하는 취지라고 막연히 추단할 것이 아니다. 마. 이 사건 부칙조항의 해석과 헌법적 정당성에 관하여 1) 친일재산귀속법이 목적으로 하는 헌법적 가치는 명확하다. 일제의 잔재를 청산하고 대한민국의 정통성을 확보하여 국가적 기틀을 공고히 하는 것은 임시정부의 대한민국 건국강령, 제헌 헌법 부칙 제101조 및 현행 헌법 전문의 내용과 입법 정신에 발현된 헌법제정권자의 강력한 의지라고 할 수 있다. 친일재산귀속법의 제정은 이러한 헌법제정권자의 강력한 의지를 구체화한 것으로 헌법에 내재된 기본이념에 부합한다. 대법원과 헌법재판소도 수차례에 걸쳐 ‘친일재산은 취득·증여 등 원인행위 시에 국가의 소유로 한다.’고 규정한 친일재산귀속법 제3조 제1항 등이 진정소급입법에 해당하나 헌법 제11조 제1항에서 정한 평등권, 헌법 제13조 제2항에서 정한 소급입법금지 원칙, 헌법 제37조 제2항에서 정한 과잉금지 원칙, 헌법 제23조에서 정한 재산권보장 원칙 등에 반하여 위헌이라고 볼 수 없음을 반복적으로 확인하였다(대법원 2011. 5. 13. 선고 2009다26831 등 판결, 대법원 2012. 2. 23. 선고 2010두17557 판결, 헌법재판소 2011. 3. 31. 선고 2008헌바141 등 전원재판부 결정 등 참조). 나아가 대법원과 헌법재판소는 재산이 국가에 귀속되는 친일반민족행위자 요건에서 ‘한일합병의 공으로’ 부분을 삭제한 개정 친일재산귀속법 제2조 제1호 (나)목과 구 친일재산귀속법 제2조 제1호에 따른 국가귀속결정을 개정 친일재산귀속법 제2조 제1호에 따라 이루어진 것으로 보도록 한 이 사건 부칙조항 본문에 대하여도 다시 한번 소급입법금지 원칙, 신뢰보호 원칙, 과잉금지 원칙, 적법절차 원칙 등에 반하여 위헌이라고 볼 수 없다고 판단하였다(대법원 2016. 11. 9. 선고 2014두3228 판결, 대법원 2016. 12. 27. 선고 2015다13997 판결, 헌법재판소 2013. 7. 25. 선고 2012헌가1 전원재판부 결정, 헌법재판소 2018. 4. 26. 선고 2016헌바454 전원재판부 결정 등 참조). 2) 이처럼 친일재산귀속법이 구현하려는 헌법적 가치를 고려하면, 이 사건 부칙조항 단서를 ‘친일재산조사위원회의 국가귀속결정’으로 한정하여 해석함으로써 친일재산에 관하여 종전 국가귀속결정을 취소하는 확정판결이 있더라도 개정 친일재산귀속법의 시행으로 국가가 당연히 소유권을 취득하고 이에 대한 민사상 권리행사를 할 수 있다고 보는 것이 헌법합치적 해석에 보다 부합한다. 오히려 헌법합치적 해석이라는 이름 아래 이 사건 부칙조항 단서에 대한 피상적인 이해를 근거로 그 문언이 갖는 일반적인 의미를 뛰어넘는 논리적 비약을 하거나 개정 친일재산귀속법의 적용 범위를 의도적으로 축소 해석하는 것을 경계하여야 한다. 3) 다수의견은 이 사건 부칙조항 단서를 구 친일재산귀속법의 적용대상이 아닌 것으로 확정판결이 내려진 재산에 대하여는 개정 친일재산귀속법이 적용되지 않는다는 의미로 해석하여야 헌법에 합치한다고 본다. 이 사건 확정판결이 행정행위로서의 국가귀속결정을 취소하는 판결에 불과하고 이 사건 부칙조항 단서가 친일재산의 소유권 귀속 여부를 판단하는 기준이 될 수는 없으므로 국가가 여전히 민사소송으로 친일재산을 환수할 수 있다는 해석은 이 사건 부칙조항 단서가 추구하는 헌법상 소급입법금지 원칙 및 확정판결 존중 등 법적 안정성","으로 한정하여 해석되는 이상, 법원은 법 문언에 맞는 해석을 하여야 하고, 다수의견처럼 입법자의 의도가 개정 친일재산귀속법에 따른 국가의 실체법적인 소유권 행사까지 배제하는 취지라고 막연히 추단할 것이 아니다. 마. 이 사건 부칙조항의 해석과 헌법적 정당성에 관하여 1) 친일재산귀속법이 목적으로 하는 헌법적 가치는 명확하다. 일제의 잔재를 청산하고 대한민국의 정통성을 확보하여 국가적 기틀을 공고히 하는 것은 임시정부의 대한민국 건국강령, 제헌 헌법 부칙 제101조 및 현행 헌법 전문의 내용과 입법 정신에 발현된 헌법제정권자의 강력한 의지라고 할 수 있다. 친일재산귀속법의 제정은 이러한 헌법제정권자의 강력한 의지를 구체화한 것으로 헌법에 내재된 기본이념에 부합한다. 대법원과 헌법재판소도 수차례에 걸쳐",미검수
법제처 OPEN API/prec,599849,2019다255416,소유권이전등기,https://www.law.go.kr/DRF/lawService.do?OC=test&target=prec&ID=599849&type=HTML,(조 번호 미표기),안전,판례 문맥 추론 · 단일 신호,안전,,,"은 일반 사안과 확정판결 사안에 모두 개정규정이 소급적용된다는 입장이다. 이러한 입장 차이는 이 사건 부칙조항, 특히 확정판결 사안에 관한 이 사건 부칙조항 단서의 해석 차이에서 비롯된다. 이 사건 부칙조항 단서의 해석은 그 법적 성격을 파악하는 데에서 출발해야 한다. 이 사건 부칙조항 단서의 법적 성격은 이미 판례로 명확하게 선언되어 있다. 대법원은 이 사건 부칙조항 단서가 ""친일반민족행위자의 특정한 재산에 대한 국가귀속결정 그 자체 또는 이로 인한 법률관계에 대한 구체적인 쟁송을 전제로 하여 판결이 확정된 경우""에 ""법적 안정성""을 위하여 ""개정규정을 적용하지 않도록 한"" 조항이라고 판시하였다(대법원 2016. 11. 9. 선고 2014두3228 판결 참조. 대법원 2016. 12. 27. 선고 2015다13997 판결도 같은 취지). 이러한 판시는 이 사건 부칙조항의 표제가 ‘적용례’인 점과도 잘 부합한다. 2) 이 사건 부칙조항의 적용례로서의 성격은 입법자의 의사에 비추어 볼 때도 명확하다. 이 사건 부칙조항은 개정규정의 적용 범위를 명확하게 정하여 소급입법의 우려를 최소화하기 위해 신설되었다. 이 사건 부칙조항 초안은 법제사법위원회 법안심사제1소위원회에서 마련되어 2011. 4. 21. 법제사법위원회에 보고되었다. 당시 심사보고서의 법안심사제1소위원회 심사보고 요지에는 이 사건 부칙조항에 관하여 ""확정판결에 의하여 이 법의 적용대상이 아니라고 확정된 경우에는 예외로 하여 소급입법 적용에 따른 문제를 해결""하였다고 기재되어 있다. 법제사법위원장의 개정법률안에 대한 수정안의 수정이유에도 이 사건 부칙조항에 관하여 ""친일반민족행위자재산조사위원회가 친일반민족행위자로 규정하여 그 재산을 국가에 귀속시킨 부분만 적용할 수 있도록 수정하는 것""이라고 기재되어 있다. 2011. 4. 29. 국회 본회의에서도 별 이견 없이 수정안대로 개정법률이 통과되었다. 친일청산은 그 특수성, 중대성, 역사성에 비추어 보면 입법적 결단이 중요하게 여겨지는 정책적 문제이고, 이러한 입법적 결단으로 만들어진 법을 해석함에 있어 입법자의 의사는 다른 일반적인 법률 또는 법률조항 해석의 경우보다 더욱 무겁게 고려되어야 한다. 이 사건처럼 입법자의 의사를 객관적으로 확인할 수 있는 입법 자료가 충분하고, 입법 시점으로부터 얼마 지나지 않아 법 해석이 이루어지는 경우에는 더욱 그러하다. 그러므로 법률이 개정되는 일련의 입법 과정에 나타난 입법자의 의사는 이 사건에서 문제 되는 법 해석에 적절하게 고려될 수 있고, 또 고려되어야 마땅하다. 3) 이 사건 부칙조항의 적용례로서의 성격을 받아들이면 이 사건의 논의는 ‘확정판결 사안에 개정규정이 적용되는가’의 단순한 문제로 귀결된다. 그런데도 다수의견과 반대의견의 논의가 복잡하게 얽혀 있는 이유는 ① 개정규정 적용 여부에 대한 논의(위 문제에 관한 논의)와 ② 개정규정 적용을 전제로 한 논의(친일재산 국가귀속결정의 성격, 친일재산 소유권 귀속의 소급효, 국가귀속결정과 민사소송의 관계 등에 관한 논의)가 뒤섞여 있기 때문이다. ①은 ②에 선행되어야 하는 논의이므로, ①의 논의 결과 대상재산에 개정규정이 적용되지 않아 그 재산이 친일재산에 해당하지 않는다면 친일재산의 존재를 전제로 한 ②의 논의는 불필요하다. 반대의견은 ②에서 논의되는 친일재산에 관한 일반 법리에 주로 초점을 맞추면서, 이 사건 토지는 확인적 행위에 불과한 국가귀속결정과 무관하게 실체법에 따라 친일재산으로 국가에 소급하여 귀속되므로 국가가 민사소송을 통해 이를 환수할 수 있다고 한다. 그러나 이는 개정규정이 이 사건 토지에 소급적용되어 이 사건 토지가 친일재산에 해당한다는 전제가 충족될 때에 비로소 의미를 가지는 논의이다. 그런데 다수의견은 이 사건 부칙조항 단서에 따라 개정규정이 이 사건 토지에 적용되지 않는다는 입장이다. 따라서 반대",친일반민족행위자의 특정한 재산에 대한 국가귀속결정 그 자체 또는 이로 인한 법률관계에 대한 구체적인 쟁송을 전제로 하여 판결이 확정된 경우,미검수
법제처 OPEN API/prec,599849,2019다255416,소유권이전등기,https://www.law.go.kr/DRF/lawService.do?OC=test&target=prec&ID=599849&type=HTML,(조 번호 미표기),안전,판례 문맥 추론 · 단일 신호,안전,,,"재산에 대한 국가귀속결정 그 자체 또는 이로 인한 법률관계에 대한 구체적인 쟁송을 전제로 하여 판결이 확정된 경우""에 ""법적 안정성""을 위하여 ""개정규정을 적용하지 않도록 한"" 조항이라고 판시하였다(대법원 2016. 11. 9. 선고 2014두3228 판결 참조. 대법원 2016. 12. 27. 선고 2015다13997 판결도 같은 취지). 이러한 판시는 이 사건 부칙조항의 표제가 ‘적용례’인 점과도 잘 부합한다. 2) 이 사건 부칙조항의 적용례로서의 성격은 입법자의 의사에 비추어 볼 때도 명확하다. 이 사건 부칙조항은 개정규정의 적용 범위를 명확하게 정하여 소급입법의 우려를 최소화하기 위해 신설되었다. 이 사건 부칙조항 초안은 법제사법위원회 법안심사제1소위원회에서 마련되어 2011. 4. 21. 법제사법위원회에 보고되었다. 당시 심사보고서의 법안심사제1소위원회 심사보고 요지에는 이 사건 부칙조항에 관하여 ""확정판결에 의하여 이 법의 적용대상이 아니라고 확정된 경우에는 예외로 하여 소급입법 적용에 따른 문제를 해결""하였다고 기재되어 있다. 법제사법위원장의 개정법률안에 대한 수정안의 수정이유에도 이 사건 부칙조항에 관하여 ""친일반민족행위자재산조사위원회가 친일반민족행위자로 규정하여 그 재산을 국가에 귀속시킨 부분만 적용할 수 있도록 수정하는 것""이라고 기재되어 있다. 2011. 4. 29. 국회 본회의에서도 별 이견 없이 수정안대로 개정법률이 통과되었다. 친일청산은 그 특수성, 중대성, 역사성에 비추어 보면 입법적 결단이 중요하게 여겨지는 정책적 문제이고, 이러한 입법적 결단으로 만들어진 법을 해석함에 있어 입법자의 의사는 다른 일반적인 법률 또는 법률조항 해석의 경우보다 더욱 무겁게 고려되어야 한다. 이 사건처럼 입법자의 의사를 객관적으로 확인할 수 있는 입법 자료가 충분하고, 입법 시점으로부터 얼마 지나지 않아 법 해석이 이루어지는 경우에는 더욱 그러하다. 그러므로 법률이 개정되는 일련의 입법 과정에 나타난 입법자의 의사는 이 사건에서 문제 되는 법 해석에 적절하게 고려될 수 있고, 또 고려되어야 마땅하다. 3) 이 사건 부칙조항의 적용례로서의 성격을 받아들이면 이 사건의 논의는 ‘확정판결 사안에 개정규정이 적용되는가’의 단순한 문제로 귀결된다. 그런데도 다수의견과 반대의견의 논의가 복잡하게 얽혀 있는 이유는 ① 개정규정 적용 여부에 대한 논의(위 문제에 관한 논의)와 ② 개정규정 적용을 전제로 한 논의(친일재산 국가귀속결정의 성격, 친일재산 소유권 귀속의 소급효, 국가귀속결정과 민사소송의 관계 등에 관한 논의)가 뒤섞여 있기 때문이다. ①은 ②에 선행되어야 하는 논의이므로, ①의 논의 결과 대상재산에 개정규정이 적용되지 않아 그 재산이 친일재산에 해당하지 않는다면 친일재산의 존재를 전제로 한 ②의 논의는 불필요하다. 반대의견은 ②에서 논의되는 친일재산에 관한 일반 법리에 주로 초점을 맞추면서, 이 사건 토지는 확인적 행위에 불과한 국가귀속결정과 무관하게 실체법에 따라 친일재산으로 국가에 소급하여 귀속되므로 국가가 민사소송을 통해 이를 환수할 수 있다고 한다. 그러나 이는 개정규정이 이 사건 토지에 소급적용되어 이 사건 토지가 친일재산에 해당한다는 전제가 충족될 때에 비로소 의미를 가지는 논의이다. 그런데 다수의견은 이 사건 부칙조항 단서에 따라 개정규정이 이 사건 토지에 적용되지 않는다는 입장이다. 따라서 반대의견이 ②의 논의와 관련하여 제기한 대부분의 비판은 ①의 논의 결과에 기초한 다수의견에 유효한 비판이 될 수 없다. 4) 다수의견이 이 사건 부칙조항을 실체법적으로 친일재산의 국가귀속 여부를 정하는 조항으로 해석한다는 반대의견의 비판도 다수의견에 대한 오해에서 비롯된 것이다. 다수의견에 따르더라도 소유권 귀속 여부는 이 사건 부칙조항 자체가 아니라 이 사건 부칙조항의 지시에 의한 개정규정 적용 여부에 따라 결정될 뿐이다. 본문에 따라 개정규정이 적용되면 그 개정규정에 따라 친일재산의 소유권 귀속이 이루어진다. 단서에 따라 개정규정이 적용되지 않으면 개정규정에 따른 소유권 귀속은 불가능하고, 구법에 따른 소유",적용례’인 점과도 잘 부합한다. 2) 이 사건 부칙조항의 적용례로서의 성격은 입법자의 의사에 비추어 볼 때도 명확하다. 이 사건 부칙조항은 개정규정의 적용 범위를 명확하게 정하여 소급입법의 우려를 최소화하기 위해 신설되었다. 이 사건 부칙조항 초안은 법제사법위원회 법안심사제1소위원회에서 마련되어 2011. 4. 21. 법제사법위원회에 보고되었다. 당시 심사보고서의 법안심사제1소위원회 심사보고 요지에는 이 사건 부칙조항에 관하여,미검수
법제처 OPEN API/prec,599849,2019다255416,소유권이전등기,https://www.law.go.kr/DRF/lawService.do?OC=test&target=prec&ID=599849&type=HTML,(조 번호 미표기),안전,판례 문맥 추론 · 단일 신호,안전,,,"법안심사제1소위원회에서 마련되어 2011. 4. 21. 법제사법위원회에 보고되었다. 당시 심사보고서의 법안심사제1소위원회 심사보고 요지에는 이 사건 부칙조항에 관하여 ""확정판결에 의하여 이 법의 적용대상이 아니라고 확정된 경우에는 예외로 하여 소급입법 적용에 따른 문제를 해결""하였다고 기재되어 있다. 법제사법위원장의 개정법률안에 대한 수정안의 수정이유에도 이 사건 부칙조항에 관하여 ""친일반민족행위자재산조사위원회가 친일반민족행위자로 규정하여 그 재산을 국가에 귀속시킨 부분만 적용할 수 있도록 수정하는 것""이라고 기재되어 있다. 2011. 4. 29. 국회 본회의에서도 별 이견 없이 수정안대로 개정법률이 통과되었다. 친일청산은 그 특수성, 중대성, 역사성에 비추어 보면 입법적 결단이 중요하게 여겨지는 정책적 문제이고, 이러한 입법적 결단으로 만들어진 법을 해석함에 있어 입법자의 의사는 다른 일반적인 법률 또는 법률조항 해석의 경우보다 더욱 무겁게 고려되어야 한다. 이 사건처럼 입법자의 의사를 객관적으로 확인할 수 있는 입법 자료가 충분하고, 입법 시점으로부터 얼마 지나지 않아 법 해석이 이루어지는 경우에는 더욱 그러하다. 그러므로 법률이 개정되는 일련의 입법 과정에 나타난 입법자의 의사는 이 사건에서 문제 되는 법 해석에 적절하게 고려될 수 있고, 또 고려되어야 마땅하다. 3) 이 사건 부칙조항의 적용례로서의 성격을 받아들이면 이 사건의 논의는 ‘확정판결 사안에 개정규정이 적용되는가’의 단순한 문제로 귀결된다. 그런데도 다수의견과 반대의견의 논의가 복잡하게 얽혀 있는 이유는 ① 개정규정 적용 여부에 대한 논의(위 문제에 관한 논의)와 ② 개정규정 적용을 전제로 한 논의(친일재산 국가귀속결정의 성격, 친일재산 소유권 귀속의 소급효, 국가귀속결정과 민사소송의 관계 등에 관한 논의)가 뒤섞여 있기 때문이다. ①은 ②에 선행되어야 하는 논의이므로, ①의 논의 결과 대상재산에 개정규정이 적용되지 않아 그 재산이 친일재산에 해당하지 않는다면 친일재산의 존재를 전제로 한 ②의 논의는 불필요하다. 반대의견은 ②에서 논의되는 친일재산에 관한 일반 법리에 주로 초점을 맞추면서, 이 사건 토지는 확인적 행위에 불과한 국가귀속결정과 무관하게 실체법에 따라 친일재산으로 국가에 소급하여 귀속되므로 국가가 민사소송을 통해 이를 환수할 수 있다고 한다. 그러나 이는 개정규정이 이 사건 토지에 소급적용되어 이 사건 토지가 친일재산에 해당한다는 전제가 충족될 때에 비로소 의미를 가지는 논의이다. 그런데 다수의견은 이 사건 부칙조항 단서에 따라 개정규정이 이 사건 토지에 적용되지 않는다는 입장이다. 따라서 반대의견이 ②의 논의와 관련하여 제기한 대부분의 비판은 ①의 논의 결과에 기초한 다수의견에 유효한 비판이 될 수 없다. 4) 다수의견이 이 사건 부칙조항을 실체법적으로 친일재산의 국가귀속 여부를 정하는 조항으로 해석한다는 반대의견의 비판도 다수의견에 대한 오해에서 비롯된 것이다. 다수의견에 따르더라도 소유권 귀속 여부는 이 사건 부칙조항 자체가 아니라 이 사건 부칙조항의 지시에 의한 개정규정 적용 여부에 따라 결정될 뿐이다. 본문에 따라 개정규정이 적용되면 그 개정규정에 따라 친일재산의 소유권 귀속이 이루어진다. 단서에 따라 개정규정이 적용되지 않으면 개정규정에 따른 소유권 귀속은 불가능하고, 구법에 따른 소유권 귀속 문제만 남게 된다. 그런데 구법상 이 사건 토지는 친일재산이 아니었고 그러한 취지의 국가귀속결정 취소판결이 확정되기까지 하였으므로 구법상 소유권 귀속도 발생할 수 없다. 어느 경우에도 소유권 귀속을 결정하는 법적 힘의 원천은 법의 본칙(本則)이지 그 적용 관계를 지시할 뿐인 부칙이 아니다. 요컨대 다수의견은 반대의견의 비판과 달리 이 사건 부칙조항을 친일재산 국가귀속에 관한 실체법적 근거 조항으로 보지 않는다. 5) 이상에서 살","관하여 ""친일반민족행위자재산조사위원회가 친일반민족행위자로 규정하여 그 재산을 국가에 귀속시킨 부분만 적용할 수 있도록 수정하는 것""이",미검수
법제처 OPEN API/prec,599849,2019다255416,소유권이전등기,https://www.law.go.kr/DRF/lawService.do?OC=test&target=prec&ID=599849&type=HTML,(조 번호 미표기),안전,판례 문맥 추론 · 단일 신호,안전,,,"다 더욱 무겁게 고려되어야 한다. 이 사건처럼 입법자의 의사를 객관적으로 확인할 수 있는 입법 자료가 충분하고, 입법 시점으로부터 얼마 지나지 않아 법 해석이 이루어지는 경우에는 더욱 그러하다. 그러므로 법률이 개정되는 일련의 입법 과정에 나타난 입법자의 의사는 이 사건에서 문제 되는 법 해석에 적절하게 고려될 수 있고, 또 고려되어야 마땅하다. 3) 이 사건 부칙조항의 적용례로서의 성격을 받아들이면 이 사건의 논의는 ‘확정판결 사안에 개정규정이 적용되는가’의 단순한 문제로 귀결된다. 그런데도 다수의견과 반대의견의 논의가 복잡하게 얽혀 있는 이유는 ① 개정규정 적용 여부에 대한 논의(위 문제에 관한 논의)와 ② 개정규정 적용을 전제로 한 논의(친일재산 국가귀속결정의 성격, 친일재산 소유권 귀속의 소급효, 국가귀속결정과 민사소송의 관계 등에 관한 논의)가 뒤섞여 있기 때문이다. ①은 ②에 선행되어야 하는 논의이므로, ①의 논의 결과 대상재산에 개정규정이 적용되지 않아 그 재산이 친일재산에 해당하지 않는다면 친일재산의 존재를 전제로 한 ②의 논의는 불필요하다. 반대의견은 ②에서 논의되는 친일재산에 관한 일반 법리에 주로 초점을 맞추면서, 이 사건 토지는 확인적 행위에 불과한 국가귀속결정과 무관하게 실체법에 따라 친일재산으로 국가에 소급하여 귀속되므로 국가가 민사소송을 통해 이를 환수할 수 있다고 한다. 그러나 이는 개정규정이 이 사건 토지에 소급적용되어 이 사건 토지가 친일재산에 해당한다는 전제가 충족될 때에 비로소 의미를 가지는 논의이다. 그런데 다수의견은 이 사건 부칙조항 단서에 따라 개정규정이 이 사건 토지에 적용되지 않는다는 입장이다. 따라서 반대의견이 ②의 논의와 관련하여 제기한 대부분의 비판은 ①의 논의 결과에 기초한 다수의견에 유효한 비판이 될 수 없다. 4) 다수의견이 이 사건 부칙조항을 실체법적으로 친일재산의 국가귀속 여부를 정하는 조항으로 해석한다는 반대의견의 비판도 다수의견에 대한 오해에서 비롯된 것이다. 다수의견에 따르더라도 소유권 귀속 여부는 이 사건 부칙조항 자체가 아니라 이 사건 부칙조항의 지시에 의한 개정규정 적용 여부에 따라 결정될 뿐이다. 본문에 따라 개정규정이 적용되면 그 개정규정에 따라 친일재산의 소유권 귀속이 이루어진다. 단서에 따라 개정규정이 적용되지 않으면 개정규정에 따른 소유권 귀속은 불가능하고, 구법에 따른 소유권 귀속 문제만 남게 된다. 그런데 구법상 이 사건 토지는 친일재산이 아니었고 그러한 취지의 국가귀속결정 취소판결이 확정되기까지 하였으므로 구법상 소유권 귀속도 발생할 수 없다. 어느 경우에도 소유권 귀속을 결정하는 법적 힘의 원천은 법의 본칙(本則)이지 그 적용 관계를 지시할 뿐인 부칙이 아니다. 요컨대 다수의견은 반대의견의 비판과 달리 이 사건 부칙조항을 친일재산 국가귀속에 관한 실체법적 근거 조항으로 보지 않는다. 5) 이상에서 살펴본 이 사건 부칙조항의 입법 경과와 입법 취지, 조항의 표제, 관련 판례의 내용 등에 비추어 보면 이 사건 부칙조항은 개정규정의 적용례에 해당하고, 그중 단서는 확정판결 사안에 대한 개정규정 적용을 부정한 규정임이 명백하다. 그런데 반대의견은 확정판결 사안에도 개정규정이 소급적용되어 대상재산이 국가로 귀속된다고 한다. 이러한 해석은 이 사건 부칙조항이 소급입법금지 원칙을 반영하여 마련되었다는 엄연한 역사적 사실과 입법적 맥락을 증발시켜 버릴 뿐만 아니라 단서를 사실상 무의미하게 만드는 해석이다. 반대의견대로라면 단서가 상정한 상황, 즉 ""확정판결에 따라 이 법의 적용대상이 아닌 것으로 확정된 경우""에 제공되는 법적 규율은 종전 국가귀속결정을 개정규정에 따른 국가귀속결정으로 의제하지 않는다는 내용에 불과하게 된다. 그러나 종전 국가귀속결정에 대한 취소판결이 확정되었다면 의제에",확정판결 사안에 개정규정이 적용되는가,미검수
법제처 OPEN API/prec,599849,2019다255416,소유권이전등기,https://www.law.go.kr/DRF/lawService.do?OC=test&target=prec&ID=599849&type=HTML,(조 번호 미표기),(판단 불명확),판단 불명확,,,," 국가귀속결정으로 의제하지 않는다는 내용에 불과하게 된다. 그러나 종전 국가귀속결정에 대한 취소판결이 확정되었다면 의제에 동원될 종전 국가귀속결정은 존재하지 않으므로 위와 같은 내용의 법적 규율은 불필요하거나 부자연스럽다. 합리적인 입법자라면 이러한 내용의 조항을 입법하지는 않았을 것이므로 이러한 내용을 부여하는 해석은 가급적 피해야 한다. 6) 결국 이 사건 부칙조항 단서는 ‘확정판결 사안에는 개정규정을 적용하지 않는다.’(그 논리적 귀결로서 개정규정에 따른 국가귀속결정 의제도 불필요하게 된다)는 내용도 담고 있다고 해석할 때에 비로소 의미 있는 적용례가 된다. 대법원이 이미 그러한 취지를 명시적으로 밝혔고(위 대법원 2014두3228 판결 참조), 제1심과 원심, 다수의견의 이해도 마찬가지이다. 그런데도 반대의견은 이와 달리 해석하면서 오히려 다수의견의 해석이 문언에 명백히 반하고, 친일재산귀속법이 추구하는 일제잔재 청산과 국가 정통성의 확립이라는 입법 취지를 애써 외면하는 것이라고 비판한다. 그러나 다수의견은 문언에 명백히 반하는 해석을 한 것이 아니라 문언이 함축하거나 전제하는 바, 즉 문언의 이면(裏面)도 고려하여 이 사건 부칙조항을 해석한 것이다. 또한 다수의견은 일제잔재 청산과 국가 정통성의 확립이라는 법의 취지에 동의하나, 이 사건 부칙조항 단서가 해석·적용되는 특정한 장면에서는 이 사건 부칙조항 단서의 입법 취지가 우선적으로 고려되어야 한다는 입장이다. 각각 목차를 바꾸어 자세히 살펴본다. 나. 다수의견의 해석은 문언에 명백히 반하는가？ 1) 법의 해석은 법의 의미를 밝히는 작업이다. 이러한 작업은 법 문언 자체에 대한 탐구에서 출발한다. 그러나 이는 해석의 출발점이지 종착점이 아니다. 문언은 법의 의미를 전달하는 매체일 뿐 법 자체는 아니다. 문언이 법의 의미를 언제나 완벽하게 담아낼 수 있는 것도 아니다. 따라서 법을 해석하면서 문언 자체를 넘어서 문언의 배경과 맥락을 고려해야 하는 경우가 발생한다. 이를 통해 문언 자체에 표현된 바 외에 문언이 함축하거나 전제하는 바도 함께 읽어냄으로써 문언의 어의적(語義的) 의미를 넘어서 문언에 내재된 법의 규범적 의미를 밝힐 수 있다. 문언이 함축하거나 전제하는 바란 무엇인가？ 이해의 편의상 일상적인 예를 들어본다. 고령의 어머니가 한겨울에 활짝 열려있는 창문을 바라보며 추위에 몸을 움츠린 상태에서 아들에게 ""얘야, 창문이 열려있구나.""라고 말한다. 이러한 어머니의 말은 두 가지로 해석될 수 있다. 첫째, 말 그 자체만 살펴보아 ‘창문이 열려 있다.’는 현상을 있는 그대로 묘사하였다고 해석하는 방법이다. 둘째, 말의 맥락과 배경을 살펴보아 그 말에 ‘창문을 닫아주면 좋겠다.’는 메시지가 함축되어 있다고 해석하는 방법이다. 보통은 두 번째 방법으로 해석할 것이다. 법 해석도 마찬가지다. 문언 그 자체를 있는 그대로 읽는 것만으로 해석이 완료되는 경우도 있다. 하지만 그 문언이 함축하거나 전제하는 바도 함께 고려해야 비로소 최선의 해석이 되는 경우도 있다. 이 사건 부칙조항의 해석이 그러해야 한다. 2) 반대의견은 이 사건 부칙조항은 그 문언에 비추어 ‘국가귀속결정 의제’에 관한 조항, 그 이상도 이하도 아니라고 한다. 다수의견도 이 사건 부칙조항이 1차적으로는 ‘국가귀속결정 의제’에 관한 조항이라는 점에 동의한다. 하지만 이 사건 부칙조항의 의미는 여기에 그치지 않는다. 이 사건 부칙조항은 ‘국가귀속결정 의제’에 관한 문언을 매개체로 삼아 2차적으로 ‘개정규정의 적용 여부와 범위’에 관한 내용도 함축하거나 전제하고 있다. 입법자가 왜 국가귀속결정 의제에 관한 문언을 통하여 위와 같은 두 가지 의미를 한꺼번에 전달하고자 하였는지를 추론하려면 문언 작성자인 입법자의 ",확정판결 사안에는 개정규정을 적용하지 않는다,미검수
법제처 OPEN API/prec,599849,2019다255416,소유권이전등기,https://www.law.go.kr/DRF/lawService.do?OC=test&target=prec&ID=599849&type=HTML,(조 번호 미표기),(판단 불명확),판단 불명확,,,," 좋겠다.’는 메시지가 함축되어 있다고 해석하는 방법이다. 보통은 두 번째 방법으로 해석할 것이다. 법 해석도 마찬가지다. 문언 그 자체를 있는 그대로 읽는 것만으로 해석이 완료되는 경우도 있다. 하지만 그 문언이 함축하거나 전제하는 바도 함께 고려해야 비로소 최선의 해석이 되는 경우도 있다. 이 사건 부칙조항의 해석이 그러해야 한다. 2) 반대의견은 이 사건 부칙조항은 그 문언에 비추어 ‘국가귀속결정 의제’에 관한 조항, 그 이상도 이하도 아니라고 한다. 다수의견도 이 사건 부칙조항이 1차적으로는 ‘국가귀속결정 의제’에 관한 조항이라는 점에 동의한다. 하지만 이 사건 부칙조항의 의미는 여기에 그치지 않는다. 이 사건 부칙조항은 ‘국가귀속결정 의제’에 관한 문언을 매개체로 삼아 2차적으로 ‘개정규정의 적용 여부와 범위’에 관한 내용도 함축하거나 전제하고 있다. 입법자가 왜 국가귀속결정 의제에 관한 문언을 통하여 위와 같은 두 가지 의미를 한꺼번에 전달하고자 하였는지를 추론하려면 문언 작성자인 입법자의 관점으로 되돌아가 입법적 발화의 맥락을 살펴볼 필요가 있다. 3) 이 사건 부칙조항의 입법자는 ① 실체적으로는, 개정규정의 적용을 통하여 이 사건 토지와 같은 유형의 재산이 친일재산으로 편입되고, ② 절차적으로는, 친일재산 국가귀속에는 원칙적으로 국가귀속결정이 수반되어야 한다고 관념하였던 것으로 보인다. 이러한 관념에 따르면, 문언상 개정규정의 적용 여부만을 규정한다면 ①에 관한 규율은 제공되지만 ②에 관한 규율에는 공백이 생기게 된다. 반면 개정규정에 따른 특정 재산의 국가귀속결정 또는 그 의제는 그 재산에 개정규정이 적용된다는 점을 당연히 전제하므로, 문언상 국가귀속결정 또는 그 의제에 관하여 규정함으로써 ②에 관한 명시적 규율뿐만 아니라 ①에 관한 묵시적 규율도 함께 제공할 수 있다. 이 사건 부칙조항의 입법자도 국가귀속결정 의제 여부에 관한 규율을 통해 여기에 논리적으로 결부된 개정규정 적용 문제도 한꺼번에 함축적으로 규율하고자 했다고 볼 여지가 충분하다. 그렇게 보는 것이 입법 경과에 비추어 자연스럽고, 이 사건 부칙조항 문언에 대한 합리적 설명을 가능하게 해 준다. 4) 친일재산의 국가귀속을 위해서는 원칙적으로 국가귀속결정절차를 밟아야 한다는 입법자의 관념이 친일재산의 국가귀속이 법률에 의한 물권변동이라는 판례와 양립할 수 없는 것도 아니다. 실체법상 물권변동의 원인이 무엇인가의 문제와 그 물권변동에 앞서 어떠한 절차를 거쳐야 하는가의 문제는 구별될 수 있다. 친일재산의 국가귀속이 실체법에 기하여 발생하므로 국가귀속결정은 확인적 의미를 가질 뿐이라고 하더라도, 위와 같은 물권변동(이는 보상 없는 수용의 실질을 가진다)을 절차적 측면에서 정당화하기 위해 국가귀속결정절차라는 확인적 절차를 거친 후에 해당 재산이 실체법에 의해 국가에 소급적으로 귀속된다고 관념하는 것도 가능하다. 이에 따르면 국가귀속결정절차를 밟지 않은 채 처음부터 민사소송으로 친일재산을 국가에 귀속시키는 방법은 친일재산귀속법이 본래 예정한 방법이 아니다. 그 이론적 당부에 대해서는 여러 입장이 있을 수 있으나, 이 사건 부칙조항 문언의 맥락과 배경을 탐구하는 국면에서 중요한 것은 입법자가 어떠한 관념에 입각하여 문언을 작성하였는가이지 그 관념의 이론적 완결성이 아니다. 한편 아래와 같은 사정에 비추어 보면 입법자는 실제로 위와 같은 관념에 기하여 이 사건 부칙조항 문언을 만들었을 가능성이 크다. 5) 친일재산귀속법은 국가귀속결정을 위한 친일재산조사위원회의 구성과 운영, 국가귀속결정을 위한 조사 및 이에 대한 불복절차 등 대부분 국가귀속결정에 관련된 조항들로 구성되어 있다. 또한 국가귀속결정절차를 주재하는 친일재산조사위원회는 대통령 소속의 독립된 행정기관으로서 위원장(장관급) 1명, 상임위원(차관급) 2명을 비롯하여 직무상 독립과","국가귀속결정 의제’에 관한 조항, 그 이상도 이하도 아니라고 한다. 다수의견도 이 사건 부칙조항이 1차적으로는",미검수
법제처 OPEN API/prec,599849,2019다255416,소유권이전등기,https://www.law.go.kr/DRF/lawService.do?OC=test&target=prec&ID=599849&type=HTML,(조 번호 미표기),(판단 불명확),판단 불명확,,,," 함축하거나 전제하는 바도 함께 고려해야 비로소 최선의 해석이 되는 경우도 있다. 이 사건 부칙조항의 해석이 그러해야 한다. 2) 반대의견은 이 사건 부칙조항은 그 문언에 비추어 ‘국가귀속결정 의제’에 관한 조항, 그 이상도 이하도 아니라고 한다. 다수의견도 이 사건 부칙조항이 1차적으로는 ‘국가귀속결정 의제’에 관한 조항이라는 점에 동의한다. 하지만 이 사건 부칙조항의 의미는 여기에 그치지 않는다. 이 사건 부칙조항은 ‘국가귀속결정 의제’에 관한 문언을 매개체로 삼아 2차적으로 ‘개정규정의 적용 여부와 범위’에 관한 내용도 함축하거나 전제하고 있다. 입법자가 왜 국가귀속결정 의제에 관한 문언을 통하여 위와 같은 두 가지 의미를 한꺼번에 전달하고자 하였는지를 추론하려면 문언 작성자인 입법자의 관점으로 되돌아가 입법적 발화의 맥락을 살펴볼 필요가 있다. 3) 이 사건 부칙조항의 입법자는 ① 실체적으로는, 개정규정의 적용을 통하여 이 사건 토지와 같은 유형의 재산이 친일재산으로 편입되고, ② 절차적으로는, 친일재산 국가귀속에는 원칙적으로 국가귀속결정이 수반되어야 한다고 관념하였던 것으로 보인다. 이러한 관념에 따르면, 문언상 개정규정의 적용 여부만을 규정한다면 ①에 관한 규율은 제공되지만 ②에 관한 규율에는 공백이 생기게 된다. 반면 개정규정에 따른 특정 재산의 국가귀속결정 또는 그 의제는 그 재산에 개정규정이 적용된다는 점을 당연히 전제하므로, 문언상 국가귀속결정 또는 그 의제에 관하여 규정함으로써 ②에 관한 명시적 규율뿐만 아니라 ①에 관한 묵시적 규율도 함께 제공할 수 있다. 이 사건 부칙조항의 입법자도 국가귀속결정 의제 여부에 관한 규율을 통해 여기에 논리적으로 결부된 개정규정 적용 문제도 한꺼번에 함축적으로 규율하고자 했다고 볼 여지가 충분하다. 그렇게 보는 것이 입법 경과에 비추어 자연스럽고, 이 사건 부칙조항 문언에 대한 합리적 설명을 가능하게 해 준다. 4) 친일재산의 국가귀속을 위해서는 원칙적으로 국가귀속결정절차를 밟아야 한다는 입법자의 관념이 친일재산의 국가귀속이 법률에 의한 물권변동이라는 판례와 양립할 수 없는 것도 아니다. 실체법상 물권변동의 원인이 무엇인가의 문제와 그 물권변동에 앞서 어떠한 절차를 거쳐야 하는가의 문제는 구별될 수 있다. 친일재산의 국가귀속이 실체법에 기하여 발생하므로 국가귀속결정은 확인적 의미를 가질 뿐이라고 하더라도, 위와 같은 물권변동(이는 보상 없는 수용의 실질을 가진다)을 절차적 측면에서 정당화하기 위해 국가귀속결정절차라는 확인적 절차를 거친 후에 해당 재산이 실체법에 의해 국가에 소급적으로 귀속된다고 관념하는 것도 가능하다. 이에 따르면 국가귀속결정절차를 밟지 않은 채 처음부터 민사소송으로 친일재산을 국가에 귀속시키는 방법은 친일재산귀속법이 본래 예정한 방법이 아니다. 그 이론적 당부에 대해서는 여러 입장이 있을 수 있으나, 이 사건 부칙조항 문언의 맥락과 배경을 탐구하는 국면에서 중요한 것은 입법자가 어떠한 관념에 입각하여 문언을 작성하였는가이지 그 관념의 이론적 완결성이 아니다. 한편 아래와 같은 사정에 비추어 보면 입법자는 실제로 위와 같은 관념에 기하여 이 사건 부칙조항 문언을 만들었을 가능성이 크다. 5) 친일재산귀속법은 국가귀속결정을 위한 친일재산조사위원회의 구성과 운영, 국가귀속결정을 위한 조사 및 이에 대한 불복절차 등 대부분 국가귀속결정에 관련된 조항들로 구성되어 있다. 또한 국가귀속결정절차를 주재하는 친일재산조사위원회는 대통령 소속의 독립된 행정기관으로서 위원장(장관급) 1명, 상임위원(차관급) 2명을 비롯하여 직무상 독립과 신분보장이 법률에 명시된 9명의 위원 외에도 최종적으로 총 107명의 직원을 두고 있었고, 4년간의 활동기간에 책정된 예산도 237억 1,400만 원에 이르렀다. 한편 친일재산조사위원회가 국가",국가귀속결정 의제’에 관한 문언을 매개체로 삼아 2차적으로,미검수
법제처 OPEN API/prec,599849,2019다255416,소유권이전등기,https://www.law.go.kr/DRF/lawService.do?OC=test&target=prec&ID=599849&type=HTML,(조 번호 미표기),(판단 불명확),판단 불명확,,,,"연장된 친일재산 조사와 국가귀속이 소급입법금지 원칙에 위반된다는 우려가 제기되었고, 그 결과 수정안에서는 법무부장관의 위원회 업무 인수 부분이 삭제되었다. 다만 구법하에서 위원회의 국가귀속결정이 이미 내려진 재산은 개정규정에 따른 새로운 국가귀속결정 없이 신속하고 간편하게 국가로 귀속시키겠다는 취지에서, 종전 국가귀속결정을 새로운 국가귀속결정으로 의제하는 이 사건 부칙조항을 두게 된 것이다. ""친일반민족행위자재산조사위원회가 친일반민족행위자로 규정하여 그 재산을 국가에 귀속시킨 부분만 적용할 수 있도록 수정하는 것""이라는 법제사법위원회의 수정이유가 이 점을 설명하고 있다. 여기에도 ‘친일재산의 국가귀속을 위해서는 국가귀속결정절차가 필요하다.’는 생각이 전제되어 있다. 6) 이상과 같이 이 사건 부칙조항의 문언에도 배경과 맥락, 서사(敍事)와 역사(歷史)가 존재한다. 이를 외면한 채 문언의 표면적 의미만 제한적으로 채취하는 방법으로는 이 사건 부칙조항이 담고 있는 진정한 규범적 의미를 제대로 발견하거나 구현할 수 없다. 문언의 맥락과 배경을 고려하면, 이 사건 부칙조항은 ‘적용례’로서 개정규정 적용 여부와 범위를 규율함으로써 소급입법금지 원칙 위반의 우려를 최소화하고자 하는 조항임이 분명하다. 또한 이 사건 부칙조항은 표면상 국가귀속결정 의제에 관한 조항이지만 그 이면까지 들여다보면 국가귀속결정 의제의 논리적인 토대가 되는 개정규정 적용 여부와 범위도 함께 규율하는 조항이라고 충분히 해석할 수 있다. 그러한 점에서 다수의견의 해석은 문언에 명백히 반하는 해석이 아니라 오히려 문언이 함축하거나 전제하는 바를 제대로 구현하는 해석이다. 다. 다수의견은 법의 목적이나 법이 추구하는 헌법적 가치에 반하는 해석인가？ 1) 친일재산귀속법은 3·1운동으로 건립된 대한민국임시정부의 법통을 계승하도록 한 헌법 전문의 이념에 기초하여 일제의 잔재를 청산함으로써 훼손된 민족정기의 복원 및 민족의 정통성을 확인하고 사회정의를 구현하는 정당한 법이다. 이 법에 따른 친일청산은 과거청산의 일종으로서 과거에는 바로 세울 수 없었던 정의를 뒤늦게나마 세우는 작업이다. 그 특성상 이러한 법은 어느 정도 소급입법의 성격을 띨 수밖에 없다. 소급입법금지 위반을 판단할 때는 이러한 과거청산 법제의 특수성이 고려되어야 한다. 이러한 이유 때문에 대법원과 헌법재판소는 친일재산귀속법이 진정소급입법에 해당하지만 국민이 소급입법을 예상할 수 있었거나 심히 중대한 공익상의 요청이 있다는 이유로 이 법이 위헌이 아니라고 보았다(대법원 2011. 5. 13. 선고 2009다26831 판결, 헌법재판소 2011. 3. 31. 선고 2008헌바141 등 전원재판부 결정 등 참조). 2) 하지만 모든 헌법적 가치가 그러하듯 과거청산도 소급입법금지나 법적 안정성 등 다른 헌법적 가치와 조화로운 관계를 이루며 구현되어야 한다. 일단 과거청산이 본격적으로 개시되었다면 그 작업은 강력하고 확실하게 추진하되 가급적 일정한 기간 내에 마무리하는 것이 입법정책상 바람직하다. 따라서 오랜 기간에 걸쳐 과거청산을 위한 재산권 박탈 범위를 서서히 넓혀나가는 방식의 입법은 가급적 자제해야 한다. 과거청산의 범위와 기간이 무한정 확장 또는 연장되어 나가면 과거가 미래를 과도하게 잠식해 버릴 염려가 있고, 공동체의 정체성을 재확립하고 그 정체성에 기초한 사회통합을 통하여 새로운 미래를 일구어 나가려는 과거청산 본연의 목적도 흐려질 수 있다. 구 반민족규명법과 친일재산귀속법은 친일반민족행위와 친일반민족행위자의 범주를 광범위하면서도 세밀하게 규정하였고, 친일재산조사위원회는 4년의 활동기간 동안 친일반민족행위자 168명으로부터 친일재산 2,359필지를 국가에 귀속시키는 결정을 내렸다. 당시의 상황에서는 친일청산의 압도적 요청 앞에서 법적 안정성의 요청이 한 걸음 물러서는 것이 충분히 수긍될 수 ",친일반민족행위자재산조사위원회가 친일반민족행위자로 규정하여 그 재산을 국가에 귀속시킨 부분만 적용할 수 있도록 수정하는 것,미검수
법제처 OPEN API/prec,599849,2019다255416,소유권이전등기,https://www.law.go.kr/DRF/lawService.do?OC=test&target=prec&ID=599849&type=HTML,(조 번호 미표기),(판단 불명확),판단 불명확,,,," 없이 추론한 나머지 헌법의 진정한 가치를 외면하고 있다. 이하 이 부분에 관한 두 가지 쟁점을 중심으로 반대의견을 보충하고자 한다. 가. ‘친일재산 소유권 귀속’의 법리와 ‘확정판결’의 의미 이 사건 토지는 개정 친일재산귀속법에서 정한 친일재산이므로 개정 친일재산귀속법의 시행에 따라 그 취득·증여 등 원인행위 시에 소급하여 국가의 소유로 귀속된다. 이 사건 부칙조항 본문과 단서는 친일재산조사위원회의 ‘국가귀속결정’에 관한 경과조치를 정하는 규정에 불과할 뿐, 개정 친일재산귀속법의 적용대상이나 적용 범위에 대해 규정하거나 친일재산의 소유권 귀속 여부를 결정하는 규정으로 해석할 수 없다. 그럼에도 다수의견은 친일재산의 소유권 귀속에 관한 문제와 이 사건 부칙조항 단서에서 정한 ‘확정판결’의 의미를 혼동하고 있다. 먼저 이 사건 부칙조항 본문에 따라 친일재산조사위원회가 구 친일재산귀속법 제2조 제1호에 따라 행한 국가귀속결정은 개정 친일재산귀속법 제2조 제1호에 따라 이루어진 것으로 의제되므로, 구법에 따른 국가귀속결정의 적법 여부를 판단하는 기준이 개정 친일재산귀속법 제2조 제1호로 변경되는 결과를 가져오게 된다. 그런데 이 사건 부칙조항 단서에 따르면 확정판결에 따라 이 법의 적용대상이 아닌 것으로 확정된 경우에는 ‘그러하지 아니’하므로, 구법에 따른 국가귀속결정의 적법 여부는 여전히 구 친일재산귀속법 제2조 제1호에 따라 판단하게 된다. 이 사건 부칙조항의 본문과 단서 어디에도 구 친일재산귀속법 제2조 제1호에 따른 국가귀속결정에 대한 확정판결이 있는 경우 친일재산의 소유권 귀속 여부의 판단에 개정 친일재산귀속법 제2조 제1호를 적용하지 않는다는 의미로 해석할 수 있는 문언은 찾기 어렵다. 다수의견은 이 사건 부칙조항 단서의 입법 경위 등에 비추어 특정 재산에 관한 국가귀속결정을 취소하는 판결이 확정되었다면 그 대상재산은 개정 친일재산귀속법의 시행에도 불구하고 더 이상 국가에 귀속시키지 않는다는 것이 입법자의 의도라고 단정하고 있다. 그러나 다수의견이 들고 있는 사정이 이 사건 부칙조항 단서에 다수의견이 전제하는 입법자의 의도가 함축되어 있다고 해석할 충분한 근거가 된다고 볼 수는 없다. 오히려 2011. 4. 19. 법안심사제1소위원회에서 진행된 친일재산귀속법 개정법률안에 대한 법안심사 과정에서는 ‘종전 국가귀속결정을 취소한 확정판결’과의 저촉 또는 충돌 문제만을 염려하였을 뿐, 그 대상재산에 대하여 개정규정을 적용할 수 있는지가 논의되지 않았다. 이 사건 부칙조항 초안을 마련한 법제사법위원회 전문위원의 검토보고서에도 국가귀속결정을 취소한 대상재산에 대하여 개정규정을 적용하여 민사소송을 통한 국가귀속이 가능한지 여부에 대한 검토는 전혀 보이지 않는다. 입법 자료의 어느 대목에서도 확정판결로 취소된 국가귀속결정의 ‘대상재산’에 대하여 개정 친일재산귀속법에 따른 국가귀속 규정을 적용하지 않겠다는 입법자의 의사는 확인되지 아니한다. 대법원과 헌법재판소는 친일재산이 친일재산귀속법의 시행에 따라 그 취득·증여 등 원인행위 시에 소급하여 당연히 국가의 소유로 되는 것이고, 친일재산조사위원회가 국가귀속결정 등을 하여야만 비로소 국가의 소유로 되는 것이 아니라고 여러 차례 판단하여 왔다(대법원 2008. 11. 13. 선고 2008두13491 판결, 대법원 2016. 11. 9. 선고 2014두3228 판결 및 헌법재판소 2018. 4. 26. 선고 2016헌바454 전원재판부 결정 등 참조). 그런데 다수의견과 같이 구 친일재산귀속법에 따른 국가귀속결정을 취소하는 확정판결이 있는 경우 그 대상재산에는 개정 친일재산귀속법이 적용되지 않는다고 해석한다면 친일재산의 국가귀속을 위해서는 국가귀속결정이 있어야만 한다는 결론에 이르게 되어 위 확립된 판례의 취지에 명백히 어긋나게 된다. 다수의견이 들고 있는 대법원 2016. 11. 9. 선고 2014두3228 판결은 ‘특정한 재산’에 대한 국가귀속결정을 취소하는 판결이 확정되었더라도 ‘다른 재산’에 관한 국가귀속결정에 관하여는 이 사건 부","국가귀속결정’에 관한 경과조치를 정하는 규정에 불과할 뿐, 개정 친일재산귀속법의 적용대상이나 적용 범위에 대해 규정하거나 친일재산의 소유권 귀속 여부를 결정하는 규정으로 해석할 수 없다. 그럼에도 다수의견은 친일재산의 소유권 귀속에 관한 문제와 이 사건 부칙조항 단서에서 정한",미검수
법제처 OPEN API/prec,616615,2022나2024467,부당이득금반환청구의소,https://www.law.go.kr/DRF/lawService.do?OC=test&target=prec&ID=616615&type=HTML,(조 번호 미표기),(판단 불명확),판단 불명확,,,,"가맹사업법과 그 시행령에서 가맹금의 하나로 차액가맹금을 인정하고 있으므로 이를 지급받을 수 있는 법률상 근거가 있다고 주장하나, 차액가맹금 형태로 가맹금을 지급받기로 합의하는 것이 법률상 인정되는지 여부와 차액가맹금을 지급받기로 하는 합의가 있었는지 여부는 별개의 문제이므로, 피고 주장은 받아들일 수 없다. 2) 피고는, 가맹사업법은 제11조 제2항에서 가맹계약서에 포함할 내용으로 ‘가맹금 등의 지급에 관한 사항(제4호)’을 규정하고 있을 뿐 차액가맹금을 규정하고 있지 않으므로, 가맹계약서에 차액가맹금에 관한 내용이 없거나 그에 관한 합의가 없어도 수령한 차액가맹금이 부당이득이 되는 것은 아니라는 취지로 주장한다. 가맹계약서에 포함할 내용을 규정한 가맹사업법 제11조 제2항은 가맹사업의 공정한 거래 질서를 확립하고 가맹본부와 가맹점사업자가 대등한 지위에서 균형 있게 발전하도록 하는 가맹사업법의 목적에 따라 행정규제의 관점에서 가맹계약서에 포함할 내용을 제시하고 이를 위반하는 경우 시정조치(제33조 제1항)나 과징금(제35조 제1항)의 대상이 되도록 한 것일 뿐이다. 가맹사업법 제11조 제2항이 가맹계약에 필요한 내용을 한정적으로 열거하거나 제한한 것으로 볼 수 없고, 이를 이 사건과 같이 가맹금의 일종인 차액가맹금에 대해 합의를 하지 않거나 가맹계약서에 기재하지 않아도 수령할 수 있다는 근거로 볼 수는 없다[차액가맹금도 가맹금이므로 가맹사업법 제11조 제2항 제4호의 ‘가맹금 등의 지급에 관한 사항’에 차액가맹금에 관한 내용이 포함되어야 하는 것으로 볼 수도 있다. 피고가 제출한 공정거래위원회 심결(을 2)에서 가맹본부가 차액가맹금의 형태로 가맹금을 수령하면서 이를 가맹계약서에 기재하지 않은 것에 대해 공정거래위원회가 가맹거래법 제11조 제2항 위반이 아니라고 판단하였으나, 해당 심결은 가맹본부가 차액가맹금의 지급에 관한 사항에 관하여 ‘가맹계약서에 기재하지 않은 행위’가 시정조치 또는 과징금 부과 대상인 법 위반 행위가 아니라고 판단한 것에 불과하고, 가맹본부가 가맹점사업자로부터 아무런 약정 없이 차액가맹금을 지급받을 수 있다고 판단한 것은 아니다]. 3) 가맹사업법은 2014. 1. 2. 법률 제19912호로 개정되면서(2024. 7. 3. 시행) 가맹계약서에 포함할 내용으로 제11조 제2항 제12호를 차액가맹금과 관련된 ‘가맹본부가 가맹점사업자에게 가맹본부 또는 가맹본부가 지정한 자와 거래할 것을 강제할 경우 그 강제의 대상이 되는 부동산·용역·설비·상품·원재료 또는 부재료·임대차 등의 종류 및 공급 가격 산정 방식에 관한 사항(제12호)’으로 변경하고, 부칙에서 제11조 제2항 제12호의 개정 규정은 개정 법률 시행 당시 존속 중인 가맹계약과 개정 법률 시행 후 최초로 체결되거나 갱신되는 가맹계약에 모두 적용하되(제3조), 부칙 제3조에도 불구하고 개정 법률 시행 당시 존속 중인 가맹계약에 대하여는 개정 법률 시행일부터 6개월 이내에 제11조 제2항 제12호의 개정 규정에 따른 내용을 가맹계약서에 포함하도록 하여야 한다(제4조)고 규정하였다. 위와 같은 법률 개정의 이유는 ‘가맹계약서 필수 기재 사항에 가맹본부가 가맹점사업자에게 특정한 자와 거래할 것을 강제할 경우 그 강제의 대상이 되는 부동산·용역·설비·상품·원재료 또는 부재료·임대차 등의 종류 및 공급 가격 산정 방식에 관한 사항을 포함하도록 하여 현행 제도의 운영상 나타난 일부 미비점을 개선·보완한다.’라는 것으로서, 개정 법률은 차액가맹금이 있는 경우 그에 관한 합의가 가맹계약서의 필수 기재 사항임을 명백히 하기 위한 것으로 보아야 한다. 개정 법률 부칙 제4조에서 개정 법률 시행 당시 존속 중인 가맹계약에 대하여 개정 법률 시행일부터 6개월 이내에 제1",맹금 등의 지급에 관한 사항(제4호),미검수
법제처 OPEN API/prec,616615,2022나2024467,부당이득금반환청구의소,https://www.law.go.kr/DRF/lawService.do?OC=test&target=prec&ID=616615&type=HTML,(조 번호 미표기),(판단 불명확),판단 불명확,,,," 관한 사항’에 차액가맹금에 관한 내용이 포함되어야 하는 것으로 볼 수도 있다. 피고가 제출한 공정거래위원회 심결(을 2)에서 가맹본부가 차액가맹금의 형태로 가맹금을 수령하면서 이를 가맹계약서에 기재하지 않은 것에 대해 공정거래위원회가 가맹거래법 제11조 제2항 위반이 아니라고 판단하였으나, 해당 심결은 가맹본부가 차액가맹금의 지급에 관한 사항에 관하여 ‘가맹계약서에 기재하지 않은 행위’가 시정조치 또는 과징금 부과 대상인 법 위반 행위가 아니라고 판단한 것에 불과하고, 가맹본부가 가맹점사업자로부터 아무런 약정 없이 차액가맹금을 지급받을 수 있다고 판단한 것은 아니다]. 3) 가맹사업법은 2014. 1. 2. 법률 제19912호로 개정되면서(2024. 7. 3. 시행) 가맹계약서에 포함할 내용으로 제11조 제2항 제12호를 차액가맹금과 관련된 ‘가맹본부가 가맹점사업자에게 가맹본부 또는 가맹본부가 지정한 자와 거래할 것을 강제할 경우 그 강제의 대상이 되는 부동산·용역·설비·상품·원재료 또는 부재료·임대차 등의 종류 및 공급 가격 산정 방식에 관한 사항(제12호)’으로 변경하고, 부칙에서 제11조 제2항 제12호의 개정 규정은 개정 법률 시행 당시 존속 중인 가맹계약과 개정 법률 시행 후 최초로 체결되거나 갱신되는 가맹계약에 모두 적용하되(제3조), 부칙 제3조에도 불구하고 개정 법률 시행 당시 존속 중인 가맹계약에 대하여는 개정 법률 시행일부터 6개월 이내에 제11조 제2항 제12호의 개정 규정에 따른 내용을 가맹계약서에 포함하도록 하여야 한다(제4조)고 규정하였다. 위와 같은 법률 개정의 이유는 ‘가맹계약서 필수 기재 사항에 가맹본부가 가맹점사업자에게 특정한 자와 거래할 것을 강제할 경우 그 강제의 대상이 되는 부동산·용역·설비·상품·원재료 또는 부재료·임대차 등의 종류 및 공급 가격 산정 방식에 관한 사항을 포함하도록 하여 현행 제도의 운영상 나타난 일부 미비점을 개선·보완한다.’라는 것으로서, 개정 법률은 차액가맹금이 있는 경우 그에 관한 합의가 가맹계약서의 필수 기재 사항임을 명백히 하기 위한 것으로 보아야 한다. 개정 법률 부칙 제4조에서 개정 법률 시행 당시 존속 중인 가맹계약에 대하여 개정 법률 시행일부터 6개월 이내에 제11조 제2항 제12호의 개정 규정에 따른 내용을 가맹계약서에 포함하도록 하였다고 하더라도, 종래 계약상 근거나 합의 없이 차액가맹금을 수령한 것에 대해 법률적 근거를 부여하거나 수령을 정당화하는 것으로 볼 수는 없다(그렇지 않으면 가맹점사업자에게 불리한 내용을 소급 입법하는 셈이 되어 부당하다). 가맹계약서에 차액가맹금의 범위를 구체적으로 기재하기에 현실적인 어려움이 있다는 이유로 피고가 수취한 차액가맹금에 법률상 원인이 있는 것은 아니며, 오히려 개정 법률은 사전 확정이 불가능하여 차액가맹금을 가맹계약서에 명시하는 것이 불가능하다는 피고 주장에 근거가 없음을 보여줄 뿐이다. 가맹사업법의 개정을 들어 이 사건 각 가맹계약에서 차액가맹금을 규정하거나 명시적으로 합의를 하지 않았더라도 피고가 수령한 차액가맹금이 부당이득이 될 수 없다는 취지의 피고 주장은 받아들일 수 없다. 나. 피고의 차액가맹금 수령을 정당화하는 근거나 합의가 있는 것으로 볼 수 없다. 이 사건 각 가맹계약에는 가맹금 중 차액가맹금을 명시적으로 규정하고 있지 않다. 그리고 다음과 같이 피고의 차액가맹금 수령을 정당화하는 근거나 합의도 인정되지 않는다(원고들은 피고가 이 사건 각 가맹계약에 차액가맹금 수령의 근거 조항이 없다는 점을 자백하였다고 주장하나, 피고의 주장은 피고가 차액가맹금을 수령할 근거가 없다는 원고들의 주장을 반박하면서 차액가맹금은 성격상 가맹계약서에 기재할 내용이 아니라는 의견을 제시한 것일 뿐 이 사건 각 가맹계약에 차액가맹금 수령의 근거가 없다는 사실을 자백한 것으로 보긴 어렵다). 1) 이 사건 각 가맹계약(갑 2, 3) 제5.3조에서는 ‘가맹점사업자(원고들)는 본건 사업의 운영 시 사용될 모든 비품, 재료, 장비 및 서비스를 지침서에 명시된 승인 절차에 따라 공급 및 판매 이전에 가맹본부(피고)","시정조치 또는 과징금 부과 대상인 법 위반 행위가 아니라고 판단한 것에 불과하고, 가맹본부가 가맹점사업자로부터 아무런 약정 없이 차액가맹금을 지급받을 수 있다고 판단한 것은 아니다]. 3) 가맹사업법은 2014. 1. 2. 법률 제19912호로 개정되면서(2024. 7. 3. 시행) 가맹계약서에 포함할 내용으로 제11조 제2항 제12호를 차액가맹금과 관련된",미검수
법제처 OPEN API/prec,617187,2022가합548786,부당이득금,https://www.law.go.kr/DRF/lawService.do?OC=test&target=prec&ID=617187&type=HTML,제28조,위험,판례 문맥 추론 · 단일 신호,위험,,,"가슴살 패티의 구입단가는 4,500원에서 4,480원으로 인하되었음에도 2차 물대인상을 통하여 가슴살 패티의 가격을 인상한 것이다. 나. 판단 앞서 든 증거에 변론 전체의 취지를 더하여 인정되는 다음과 같은 사실 내지 사정을 종합하면 1, 2차 물대인상은 ‘가격의 변경이 필요한 경우’에 해당하므로 실체적 하자는 존재하지 않는 것으로 보인다. 1) 이 사건 가맹계약 제28조 제1항은 ""가맹본부가 가맹점사업자에게 공급하여야 할 원·부재료 등의 내역 및 가격은 별첨[3]과 같다""고 정하여 공급가격을 피고가 정하여 제시하도록 하고 있고, 같은 조항 단서에서도 ""가맹본부가 물가인상 기타 경제여건의 변동 등으로 인하여 원·부재료의 공급가격 변경이 필요하다고 판단할 경우 가맹본부는 일정한 절차를 거쳐 결정할 수 있다""고 그 변경의 사유를 비교적 폭넓게 규정하고 있다. 위 규정의 문언에 비추어 볼 때 원칙적으로 피고가 경영상의 판단에 따라 가격의 변경이 필요한지에 대해 판단할 수 있는 것으로 보이고, 객관적으로 ‘가격의 변경이 필요한 경우’에 해당하여야만 피고가 가격을 변경할 수 있다고 보기는 어렵다 2) 설령 이 사건 가맹계약 제28조 제1항에 있어 ‘객관적으로 가격의 변경이 필요한 경우’에만 피고가 가격을 변경할 수 있다고 보더라도, 다음과 같은 사정에 비추어 볼 때 1, 2차 물대이상은 ‘객관적으로 가격의 변경이 필요한 경우’에 해당하는 것으로 판단된다. 가) 피고는 △△패티의 가격을 2014년 5월경 인상한 이래 1차 물대인상 전까지 한 번도 인상하지 않은 반면, △△버거의 소비자가는 2018. 2. 22. 3,400원, 2020. 6. 1. 3,800원으로 2차례에 걸쳐 인상된 상황이었다. 다만 1차 물대인상에 의하여 △△패티의 가격이 150원이 인상되기는 하였으나, 이는 누적 소비자가 상승분의 25%에 불과한 것으로 과도한 것으로 보이지 아니한다. 나) 2020년 이후 주요 원자재 가격, 유가 및 해상운임비용 증가 등으로 인하여 대두유 및 밀가루, 해상운임료 등의 전반적인 가격이 상승하였고, 최저임금의 인상과 임대료 등의 상승하고 1, 2차 물대인상 당시에는 전반적인 물가상승이 있는 상황이었다. 이러한 상황에서 피고는 △△패티의 구입 단가뿐 아니라 전반적인 물가상승을 고려하여 물대를 인상한 것으로 보이는데, 이는 불가피한 경영판단에 의한 결정이었다. 다) 피고는 △△패티의 경우 브라질 정육을 사용하고 있는데, 브라질산 정육의 가격은 2022년 조달비용이 2021년 대비 큰 폭으로 인상되었고, 가슴살패티의 경우에도 육계협회의 생계시세가 큰 폭으로 인상되었던 것으로 보이며, 이로 인하여 피고가 2022년 하반기에 △△패티 및 가슴살패티를 구매하는 단가가 실제로 상승하기도 하였다. 이러한 점에 비추어 볼 때 피고가 △△패티 및 가슴살패티의 구매 단가가 바로 상승하지는 않았다고 하더라도 2차 물대인상 당시에 장기적으로 이를 반영할 필요가 있었던 것으로 보인다. 라) 피고는 1, 2차 물대인상 전후로 미리 소비자가를 인상하거나, 물대인상 이후로 소비자가를 인상하는 등 물대인상을 고려하여 소비자가를 정한 것으로 보이는바, 이는 물대인상을 통하여 가맹점사업자들이 일방적으로 손해를 보는 구조로 보기는 어렵다. 특히 2차 물대인상으로 이루어지고 난 다음 매출액 기준으로 피고와 가맹점사업자가 각각 40:60 비율로 수익을 취득하게 된다는 점을 고려하면, 2차 물대인상이 가맹점사업자들에게 현저히 불리하다고 보기도 어렵다. 3. 1차 물대인상이 무효에 해당하는지 등에 관한 판단 가. 당사자들 주장의 요지 1) 원고들 이 사건 각 가맹계약 제28조에 의하면, 원·부재료의 가격 변경이 필요한 경우 가맹본부는 변경내역과 변경사유, 변경가격 산출근거를 가맹점사업자들에게 서면으로 제시하고 양 ",맹본부가 가맹점사업자에게 공급하여야 할 원·부재료 등의 내역 및 가격은 별첨[3]과 같다,미검수
법제처 OPEN API/prec,617187,2022가합548786,부당이득금,https://www.law.go.kr/DRF/lawService.do?OC=test&target=prec&ID=617187&type=HTML,제28조,위험,판례 문맥 추론 · 단일 신호,위험,,,"판단할 경우 가맹본부는 일정한 절차를 거쳐 결정할 수 있다""고 그 변경의 사유를 비교적 폭넓게 규정하고 있다. 위 규정의 문언에 비추어 볼 때 원칙적으로 피고가 경영상의 판단에 따라 가격의 변경이 필요한지에 대해 판단할 수 있는 것으로 보이고, 객관적으로 ‘가격의 변경이 필요한 경우’에 해당하여야만 피고가 가격을 변경할 수 있다고 보기는 어렵다 2) 설령 이 사건 가맹계약 제28조 제1항에 있어 ‘객관적으로 가격의 변경이 필요한 경우’에만 피고가 가격을 변경할 수 있다고 보더라도, 다음과 같은 사정에 비추어 볼 때 1, 2차 물대이상은 ‘객관적으로 가격의 변경이 필요한 경우’에 해당하는 것으로 판단된다. 가) 피고는 △△패티의 가격을 2014년 5월경 인상한 이래 1차 물대인상 전까지 한 번도 인상하지 않은 반면, △△버거의 소비자가는 2018. 2. 22. 3,400원, 2020. 6. 1. 3,800원으로 2차례에 걸쳐 인상된 상황이었다. 다만 1차 물대인상에 의하여 △△패티의 가격이 150원이 인상되기는 하였으나, 이는 누적 소비자가 상승분의 25%에 불과한 것으로 과도한 것으로 보이지 아니한다. 나) 2020년 이후 주요 원자재 가격, 유가 및 해상운임비용 증가 등으로 인하여 대두유 및 밀가루, 해상운임료 등의 전반적인 가격이 상승하였고, 최저임금의 인상과 임대료 등의 상승하고 1, 2차 물대인상 당시에는 전반적인 물가상승이 있는 상황이었다. 이러한 상황에서 피고는 △△패티의 구입 단가뿐 아니라 전반적인 물가상승을 고려하여 물대를 인상한 것으로 보이는데, 이는 불가피한 경영판단에 의한 결정이었다. 다) 피고는 △△패티의 경우 브라질 정육을 사용하고 있는데, 브라질산 정육의 가격은 2022년 조달비용이 2021년 대비 큰 폭으로 인상되었고, 가슴살패티의 경우에도 육계협회의 생계시세가 큰 폭으로 인상되었던 것으로 보이며, 이로 인하여 피고가 2022년 하반기에 △△패티 및 가슴살패티를 구매하는 단가가 실제로 상승하기도 하였다. 이러한 점에 비추어 볼 때 피고가 △△패티 및 가슴살패티의 구매 단가가 바로 상승하지는 않았다고 하더라도 2차 물대인상 당시에 장기적으로 이를 반영할 필요가 있었던 것으로 보인다. 라) 피고는 1, 2차 물대인상 전후로 미리 소비자가를 인상하거나, 물대인상 이후로 소비자가를 인상하는 등 물대인상을 고려하여 소비자가를 정한 것으로 보이는바, 이는 물대인상을 통하여 가맹점사업자들이 일방적으로 손해를 보는 구조로 보기는 어렵다. 특히 2차 물대인상으로 이루어지고 난 다음 매출액 기준으로 피고와 가맹점사업자가 각각 40:60 비율로 수익을 취득하게 된다는 점을 고려하면, 2차 물대인상이 가맹점사업자들에게 현저히 불리하다고 보기도 어렵다. 3. 1차 물대인상이 무효에 해당하는지 등에 관한 판단 가. 당사자들 주장의 요지 1) 원고들 이 사건 각 가맹계약 제28조에 의하면, 원·부재료의 가격 변경이 필요한 경우 가맹본부는 변경내역과 변경사유, 변경가격 산출근거를 가맹점사업자들에게 서면으로 제시하고 양 당사자가 협의하여 결정하게 되어 있는데 피고가 위와 같은 협의를 거치지 않았으므로 1차 물대인상은 무효에 해당하므로 이에 대한 확인을 구하고, 1차 물대인상이 무효인 이상 원고들이 피고에게 지급한 △△패티 가격 중 1차 물대인상에 따라 지급한 부분은 피고가 부당하게 취득한 부당이득에 해당하므로, 피고는 원고들에게 △△패티 공급가 인상에 따른 부당이득금 원금과 로열티 및 이에 따른 부가가치세 합계액 및 이에 대한 지연손해금을 지급할 의무가 있다. 2) 피고 가) 다음과 같은 사정에 비추어 볼 때 1차 물대인상은 이 사건 각 가맹계약에서 정한 절차에 따라 적법하게 이루어진 것에 해당한다. (1) 피고는 1",객관적으로 가격의 변경이 필요한 경우,미검수
법제처 OPEN API/prec,617187,2022가합548786,부당이득금,https://www.law.go.kr/DRF/lawService.do?OC=test&target=prec&ID=617187&type=HTML,(조 번호 미표기),(판단 불명확),판단 불명확,,,,"는 것에 불과하다고 판단된다. 또한 그 심리 과정에서 종전의 소송자료를 이용할 수 있으므로, 위와 같은 청구취지 및 청구원인의 추가가 소송절차를 현저히 지연시킨다고 볼 수 없다. 따라서 이 부분 피고의 주장은 이유 없다. 나. 본안에 관한 판단 1) 원고들 주장의 요지 가맹사업법 제11조 제2항 제13호 및 동법 시행령 제12조 제2호에 의하면 가맹계약서에는 ""가맹점사업자의 영업설비·집기 등의 설치와 유지·보수 및 그 비용의 부담에 관한 사항""이 기재되도록 규정되어 있는바, 원고들과 피고 사이의 이 사건 각 가맹계약상 ‘POS 사용료’의 부담에 관한 약정은 없다. 그럼에도 피고가 가맹점사업자들의 의견을 묻지도 않고 프로그램을 교체하고는 아무런 근거도 없이 2023. 10.부터 POS 사용료 명목으로 매월 사업장당 30,000원씩을 가맹점계좌에서 부당하게 인출받는 방식으로 지급받았으므로, 이미 지급한 금액을 부당이득으로 구하고 앞으로 이에 대한 금지를 구한다. 2) 구체적 판단 피고가 2023년 3월경부터 2023년 10월경까지 원고들의 가맹점을 비롯한 피고의 각 가맹점의 POS를 교체한 사실(이하 ‘이 사건 교체’라 한다) 및 원고들로부터 POS 교체 이후 사용료로 2023년 10월부터 30,000원의 사용료를 30,000원의 사용료를 받은 사실은 당사자 사이에 다툼이 없다. 그러나 앞서 든 증거, 을 제30 내지 41호증의 각 기재에 변론 전체의 취지를 더하여 인정되는 다음과 같은 사실 내지 사정들을 종합하면 피고가 2023. 10.부터 POS 사용료 명목으로 매월 사업장당 30,000원의 사용료를 받은 것이 법적인 근거가 없다고 볼 수 없으므로 이와 다른 전제에 선 원고의 이 부분 청구들은 모두 이유 없다. 가) 이 사건 각 가맹계약 제25조 제1항은 ‘가맹점사업자는 POS 등 설비 및 기기, 관리시스템(앱, 모바일, 위생등)을 가맹본부가 지정한 공급업체에서 구비하여야 한다.’고 규정하고, 이 사건 각 가맹계약 제25조 제2항은 ‘가맹본부가 지정한 공급업체는 가맹점사업자의 요청이 있는 경우 가맹점 영업에 필요한 설비·기기등을 대여할 수 있다. 이 경우 대여할 설비 및 기기의 내역, 대여비용 등 구체적인 사항은 상호간에 합의하여 별도로 결정한다.’라고 규정하고 있다. 비록 위 규정이 가맹본부가 직접 공급업체의 역할을 담당할 수 있는지에 대해서 명확히 기재하고 있지는 아니하나, 가맹본부가 직접 POS 등을 대여하는 것이 별도의 공급업체를 통하여 대여를 하는 것과 비교하여 가맹점사업자들에게 특별히 불리한 것으로 보이지 아니하므로 위 규정에 따라 가맹본부는 가맹점사업자들에게 POS를 대여할 수 있다고 봄이 상당하다(다만, 이 사건 각 가맹계약 제25조 제1항에 의하면 원고들을 포함한 가맹점사업자들이 POS를 대여받지 않고 구매하는 방식으로 이를 구비할 수 있을 것으로 보이고, 피고가 이를 허락하지 아니한다면 이러한 경우에는 가맹사업법 위반의 여지가 있을 수 있으나, 원고들이 그와 같은 이유로 POS 사용료 지급이 부당하다고 주장하는 것으로 보이지는 아니한다). 나) 피고는 아래와 같이 이 사건 교체에 대해서 알렸고, 이후의 POS 사용료가 월 30,000원인 사실에서도 대해서도 설명하였는바, 교체과정 및 POS 사용료 변경 등이 위법하다고 볼 수 없다. (1) 피고는 2022. 12. 20. 온라인 발주시스템을 통해 POS 프로그램이 변경된다는 사실을 안내하면서, POS 교체의 필요성, POS 교체 사업 일정 등을 설명하였고, 포스 교체 이후 신규 POS 프로그램 사용에 따라 발생하게 되는 각종 사용료 175,000원 중 145,000원은 가맹본부가, 나머지 30,000원은 가맹점이 부담한다는 사실을 설명하였다. (2) 피고는 2023. 1",맹점사업자의 영업설비·집기 등의 설치와 유지·보수 및 그 비용의 부담에 관한 사항,미검수
