score,file_path,risk_type_hits
18,약관에의한계약_기타계약_표준약관/표준약관_0176.txt,책임 면제:17; 과도한 위약금:1
18,약관에의한계약_기타계약_표준약관/표준약관_0177.txt,책임 면제:17; 과도한 위약금:1
16,부동산매매_임대차_부동산임대/상업용부동산임대계약서_0193.txt,책임 면제:6; 과도한 위약금:4; 일방적 계약 해지:3; 불명확한 수수료·이자 조건:3
16,부동산매매_임대차_부동산임대/상업용부동산임대계약서_0191.txt,책임 면제:6; 과도한 위약금:4; 일방적 계약 해지:3; 불명확한 수수료·이자 조건:3
16,부동산매매_임대차_부동산임대/상업용부동산임대계약서_0194.txt,책임 면제:6; 과도한 위약금:4; 일방적 계약 해지:3; 불명확한 수수료·이자 조건:3
16,부동산매매_임대차_부동산임대/상업용부동산임대계약서_0155.txt,책임 면제:6; 과도한 위약금:4; 일방적 계약 해지:3; 불명확한 수수료·이자 조건:3
16,부동산매매_임대차_부동산임대/상업용부동산임대계약서_0073.txt,책임 면제:6; 과도한 위약금:4; 일방적 계약 해지:3; 불명확한 수수료·이자 조건:3
13,약관에의한계약_기타계약_표준약관/표준약관_0518.txt,책임 면제:7; 과도한 위약금:6
13,약관에의한계약_기타계약_표준약관/표준약관_0016.txt,책임 면제:12; 일방적 계약 해지:1
12,약관에의한계약_기타계약_표준약관/표준약관_0154.txt,책임 면제:11; 일방적 계약 해지:1
12,약관에의한계약_기타계약_표준약관/표준약관_0094.txt,책임 면제:11; 일방적 계약 해지:1
12,약관에의한계약_기타계약_표준약관/표준약관_0337.txt,책임 면제:11; 일방적 계약 해지:1
12,약관에의한계약_기타계약_표준약관/표준약관_0114.txt,책임 면제:5; 과도한 위약금:7
12,약관에의한계약_기타계약_표준약관/표준약관_0272.txt,책임 면제:12
12,약관에의한계약_기타계약_표준약관/표준약관_0364.txt,책임 면제:12
11,약관에의한계약_기타계약_표준약관/표준약관_0028.txt,책임 면제:11
10,약관에의한계약_기타계약_표준약관/표준약관_0178.txt,책임 면제:3; 과도한 위약금:5; 보증금 반환 지연:2
10,약관에의한계약_기타계약_표준약관/표준약관_0323.txt,책임 면제:10
10,금전소비대차_채권_채무_금전거래/보증_담보계약서_0034.txt,책임 면제:9; 불명확한 수수료·이자 조건:1
10,인사_고용_노무_고용계약/기타고용계약서_0344.txt,책임 면제:3; 과도한 위약금:7
10,부동산매매_임대차_부동산임대/상업용부동산임대계약서_0010.txt,책임 면제:4; 과도한 위약금:5; 일방적 계약 해지:1
9,약관에의한계약_기타계약_표준약관/표준약관_0134.txt,책임 면제:4; 과도한 위약금:4; 일방적 계약 해지:1
9,약관에의한계약_기타계약_표준약관/표준약관_0492.txt,책임 면제:4; 과도한 위약금:5
9,약관에의한계약_기타계약_표준약관/표준약관_0499.txt,책임 면제:7; 과도한 위약금:2
9,약관에의한계약_기타계약_표준약관/표준약관_0500.txt,책임 면제:2; 과도한 위약금:6; 일방적 계약 해지:1
9,약관에의한계약_기타계약_표준약관/표준약관_0517.txt,책임 면제:8; 일방적 계약 해지:1
9,약관에의한계약_기타계약_표준약관/표준약관_0489.txt,책임 면제:2; 과도한 위약금:2; 일방적 계약 해지:2; 보증금 반환 지연:3
9,인사_고용_노무_고용계약/기타고용계약서_0447.txt,책임 면제:2; 과도한 위약금:7
8,약관에의한계약_기타계약_표준약관/표준약관_0042.txt,책임 면제:3; 일방적 계약 해지:5
8,약관에의한계약_기타계약_표준약관/표준약관_0496.txt,책임 면제:5; 일방적 계약 해지:3
8,약관에의한계약_기타계약_표준약관/표준약관_0313.txt,책임 면제:8
8,약관에의한계약_기타계약_표준약관/표준약관_0113.txt,책임 면제:5; 과도한 위약금:3
8,약관에의한계약_기타계약_표준약관/표준약관_0414.txt,책임 면제:2; 과도한 위약금:6
8,인사_고용_노무_고용계약/기타고용계약서_0019.txt,책임 면제:1; 과도한 위약금:7
8,인사_고용_노무_고용계약/기타고용계약서_0269.txt,책임 면제:5; 과도한 위약금:3
8,인사_고용_노무_고용계약/기타고용계약서_0445.txt,책임 면제:1; 과도한 위약금:7
8,인사_고용_노무_고용계약/기타고용계약서_0273.txt,책임 면제:5; 과도한 위약금:3
8,인사_고용_노무_고용계약/기타고용계약서_0448.txt,책임 면제:1; 과도한 위약금:7
8,인사_고용_노무_고용계약/기타고용계약서_0272.txt,책임 면제:5; 과도한 위약금:3
8,인사_고용_노무_고용계약/기타고용계약서_0270.txt,책임 면제:5; 과도한 위약금:3
8,인사_고용_노무_고용계약/기타고용계약서_0274.txt,책임 면제:5; 과도한 위약금:3
8,부동산매매_임대차_부동산임대/상업용부동산임대계약서_0190.txt,책임 면제:5; 과도한 위약금:2; 일방적 계약 해지:1
8,부동산매매_임대차_부동산임대/상업용부동산임대계약서_0286.txt,책임 면제:5; 과도한 위약금:2; 일방적 계약 해지:1
8,부동산매매_임대차_부동산임대/상업용부동산임대계약서_0247.txt,책임 면제:5; 과도한 위약금:2; 일방적 계약 해지:1
8,부동산매매_임대차_부동산임대/상업용부동산임대계약서_0068.txt,책임 면제:5; 과도한 위약금:2; 일방적 계약 해지:1
8,부동산매매_임대차_부동산임대/상업용부동산임대계약서_0114.txt,책임 면제:5; 과도한 위약금:2; 일방적 계약 해지:1
8,부동산매매_임대차_부동산임대/상업용부동산임대계약서_0011.txt,책임 면제:5; 과도한 위약금:2; 일방적 계약 해지:1
8,부동산매매_임대차_부동산임대/상업용부동산임대계약서_0188.txt,책임 면제:5; 과도한 위약금:2; 일방적 계약 해지:1
8,부동산매매_임대차_부동산임대/상업용부동산임대계약서_0189.txt,책임 면제:5; 과도한 위약금:2; 일방적 계약 해지:1
7,약관에의한계약_기타계약_표준약관/표준약관_0351.txt,책임 면제:7
7,약관에의한계약_기타계약_표준약관/표준약관_0232.txt,책임 면제:5; 과도한 위약금:1; 일방적 계약 해지:1
7,약관에의한계약_기타계약_표준약관/표준약관_0320.txt,책임 면제:7
7,약관에의한계약_기타계약_표준약관/표준약관_0294.txt,책임 면제:7
7,약관에의한계약_기타계약_표준약관/표준약관_0041.txt,책임 면제:2; 일방적 계약 해지:5
7,약관에의한계약_기타계약_표준약관/표준약관_0328.txt,책임 면제:7
7,약관에의한계약_기타계약_표준약관/표준약관_0077.txt,책임 면제:7
7,약관에의한계약_기타계약_표준약관/표준약관_0160.txt,책임 면제:7
7,약관에의한계약_기타계약_표준약관/표준약관_0204.txt,책임 면제:7
7,인사_고용_노무_고용계약/기타고용계약서_0337.txt,책임 면제:3; 과도한 위약금:4
6,약관에의한계약_기타계약_표준약관/표준약관_0356.txt,책임 면제:6
6,약관에의한계약_기타계약_표준약관/표준약관_0369.txt,책임 면제:6
6,약관에의한계약_기타계약_표준약관/표준약관_0354.txt,책임 면제:6
6,약관에의한계약_기타계약_표준약관/표준약관_0350.txt,책임 면제:5; 과도한 위약금:1
6,약관에의한계약_기타계약_표준약관/표준약관_0353.txt,책임 면제:6
6,약관에의한계약_기타계약_표준약관/표준약관_0484.txt,책임 면제:6
6,약관에의한계약_기타계약_표준약관/표준약관_0067.txt,책임 면제:6
6,약관에의한계약_기타계약_표준약관/표준약관_0362.txt,책임 면제:6
6,약관에의한계약_기타계약_표준약관/표준약관_0239.txt,책임 면제:6
6,약관에의한계약_기타계약_표준약관/표준약관_0171.txt,책임 면제:6
6,약관에의한계약_기타계약_표준약관/표준약관_0367.txt,책임 면제:6
6,대리점_프랜차이즈_대리점/대리점계약서_0161.txt,책임 면제:5; 일방적 계약 해지:1
6,대리점_프랜차이즈_대리점/대리점계약서_0198.txt,책임 면제:5; 일방적 계약 해지:1
6,인사_고용_노무_고용계약/기타고용계약서_0345.txt,책임 면제:2; 과도한 위약금:4
6,인사_고용_노무_고용계약/기타고용계약서_0343.txt,책임 면제:2; 과도한 위약금:4
6,인사_고용_노무_고용계약/기타고용계약서_0340.txt,책임 면제:2; 과도한 위약금:4
6,인사_고용_노무_고용계약/기타고용계약서_0341.txt,책임 면제:2; 과도한 위약금:4
6,인사_고용_노무_고용계약/기타고용계약서_0334.txt,책임 면제:2; 과도한 위약금:4
6,인사_고용_노무_고용계약/기타고용계약서_0335.txt,책임 면제:2; 과도한 위약금:4
6,인사_고용_노무_고용계약/기타고용계약서_0336.txt,책임 면제:2; 과도한 위약금:4
6,인사_고용_노무_고용계약/기타고용계약서_0040.txt,책임 면제:2; 과도한 위약금:4
6,인사_고용_노무_고용계약/기타고용계약서_0338.txt,책임 면제:2; 과도한 위약금:4
5,약관에의한계약_기타계약_표준약관/표준약관_0237.txt,책임 면제:5
5,약관에의한계약_기타계약_표준약관/표준약관_0584.txt,책임 면제:4; 과도한 위약금:1
5,약관에의한계약_기타계약_표준약관/표준약관_0393.txt,책임 면제:5
5,약관에의한계약_기타계약_표준약관/표준약관_0420.txt,책임 면제:5
5,약관에의한계약_기타계약_표준약관/표준약관_0024.txt,책임 면제:1; 과도한 위약금:4
5,약관에의한계약_기타계약_표준약관/표준약관_0452.txt,책임 면제:5
5,약관에의한계약_기타계약_표준약관/표준약관_0334.txt,책임 면제:5
5,약관에의한계약_기타계약_표준약관/표준약관_0093.txt,책임 면제:5
5,약관에의한계약_기타계약_표준약관/표준약관_0076.txt,책임 면제:5
5,약관에의한계약_기타계약_표준약관/표준약관_0307.txt,책임 면제:5
5,약관에의한계약_기타계약_표준약관/표준약관_0339.txt,책임 면제:5
5,약관에의한계약_기타계약_표준약관/표준약관_0338.txt,책임 면제:5
5,약관에의한계약_기타계약_표준약관/표준약관_0001.txt,책임 면제:5
5,약관에의한계약_기타계약_표준약관/표준약관_0229.txt,책임 면제:5
5,약관에의한계약_기타계약_표준약관/표준약관_0198.txt,책임 면제:5
5,약관에의한계약_기타계약_표준약관/표준약관_0166.txt,책임 면제:5
5,약관에의한계약_기타계약_표준약관/표준약관_0416.txt,책임 면제:4; 일방적 계약 해지:1
5,약관에의한계약_기타계약_표준약관/표준약관_0366.txt,책임 면제:5
5,약관에의한계약_기타계약_표준약관/표준약관_0401.txt,책임 면제:2; 과도한 위약금:3
5,대리점_프랜차이즈_대리점/대리점계약서_0022.txt,책임 면제:4; 일방적 계약 해지:1
5,대리점_프랜차이즈_대리점/대리점계약서_0182.txt,책임 면제:4; 일방적 계약 해지:1
5,대리점_프랜차이즈_대리점/대리점계약서_0084.txt,책임 면제:4; 일방적 계약 해지:1
5,대리점_프랜차이즈_대리점/대리점계약서_0075.txt,책임 면제:4; 일방적 계약 해지:1
5,대리점_프랜차이즈_대리점/대리점계약서_0006.txt,책임 면제:4; 일방적 계약 해지:1
5,금전소비대차_채권_채무_금전거래/상환_변제계약서_0077.txt,책임 면제:5
5,금전소비대차_채권_채무_금전거래/상환_변제계약서_0103.txt,책임 면제:5
5,금전소비대차_채권_채무_금전거래/상환_변제계약서_0078.txt,책임 면제:5
5,금전소비대차_채권_채무_금전거래/상환_변제계약서_0030.txt,책임 면제:5
5,인사_고용_노무_고용계약/기타고용계약서_0435.txt,책임 면제:1; 과도한 위약금:4
5,인사_고용_노무_고용계약/기타고용계약서_0431.txt,책임 면제:1; 과도한 위약금:4
5,인사_고용_노무_고용계약/기타고용계약서_0430.txt,책임 면제:1; 과도한 위약금:4
5,인사_고용_노무_고용계약/기타고용계약서_0432.txt,책임 면제:1; 과도한 위약금:4
5,인사_고용_노무_고용계약/기타고용계약서_0041.txt,책임 면제:1; 과도한 위약금:4
5,부동산매매_임대차_부동산임대/상업용부동산임대계약서_0128.txt,책임 면제:3; 과도한 위약금:1; 일방적 계약 해지:1
5,부동산매매_임대차_부동산임대/상업용부동산임대계약서_0261.txt,책임 면제:3; 과도한 위약금:1; 일방적 계약 해지:1
4,약관에의한계약_기타계약_표준약관/표준약관_0550.txt,책임 면제:3; 과도한 위약금:1
4,약관에의한계약_기타계약_표준약관/표준약관_0418.txt,책임 면제:4
4,약관에의한계약_기타계약_표준약관/표준약관_0036.txt,책임 면제:4
4,약관에의한계약_기타계약_표준약관/표준약관_0347.txt,책임 면제:4
4,약관에의한계약_기타계약_표준약관/표준약관_0322.txt,책임 면제:4
4,약관에의한계약_기타계약_표준약관/표준약관_0087.txt,책임 면제:4
4,약관에의한계약_기타계약_표준약관/표준약관_0472.txt,과도한 위약금:4
4,약관에의한계약_기타계약_표준약관/표준약관_0116.txt,과도한 위약금:4
4,약관에의한계약_기타계약_표준약관/표준약관_0103.txt,과도한 위약금:4
4,약관에의한계약_기타계약_표준약관/표준약관_0464.txt,책임 면제:4
4,약관에의한계약_기타계약_표준약관/표준약관_0310.txt,책임 면제:4
4,약관에의한계약_기타계약_표준약관/표준약관_0377.txt,책임 면제:4
4,약관에의한계약_기타계약_표준약관/표준약관_0175.txt,책임 면제:4
4,약관에의한계약_기타계약_표준약관/표준약관_0174.txt,책임 면제:4
4,약관에의한계약_기타계약_표준약관/표준약관_0376.txt,책임 면제:4
4,약관에의한계약_기타계약_표준약관/표준약관_0228.txt,책임 면제:4
4,약관에의한계약_기타계약_표준약관/표준약관_0349.txt,책임 면제:3; 과도한 위약금:1
4,약관에의한계약_기타계약_표준약관/표준약관_0600.txt,책임 면제:3; 과도한 위약금:1
4,약관에의한계약_기타계약_표준약관/표준약관_0602.txt,책임 면제:4
4,대리점_프랜차이즈_대리점/대리점계약서_0040.txt,책임 면제:4
4,대리점_프랜차이즈_대리점/대리점계약서_0095.txt,책임 면제:4
4,대리점_프랜차이즈_대리점/대리점계약서_0202.txt,책임 면제:4
4,대리점_프랜차이즈_대리점/대리점계약서_0159.txt,책임 면제:4
4,인사_고용_노무_고용계약/기타고용계약서_0230.txt,책임 면제:3; 일방적 계약 해지:1
4,인사_고용_노무_고용계약/기타고용계약서_0187.txt,과도한 위약금:4
4,인사_고용_노무_고용계약/기타고용계약서_0233.txt,책임 면제:3; 일방적 계약 해지:1
4,인사_고용_노무_고용계약/기타고용계약서_0236.txt,책임 면제:3; 일방적 계약 해지:1
4,인사_고용_노무_고용계약/기타고용계약서_0181.txt,책임 면제:1; 과도한 위약금:2; 불명확한 수수료·이자 조건:1
4,인사_고용_노무_고용계약/기타고용계약서_0401.txt,책임 면제:3; 일방적 계약 해지:1
4,인사_고용_노무_고용계약/기타고용계약서_0410.txt,책임 면제:4
4,인사_고용_노무_고용계약/기타고용계약서_0001.txt,책임 면제:3; 일방적 계약 해지:1
4,인사_고용_노무_고용계약/기타고용계약서_0406.txt,책임 면제:3; 일방적 계약 해지:1
4,부동산매매_임대차_부동산임대/상업용부동산임대계약서_0026.txt,책임 면제:3; 과도한 위약금:1
4,부동산매매_임대차_부동산임대/상업용부동산임대계약서_0127.txt,책임 면제:3; 과도한 위약금:1
4,부동산매매_임대차_부동산임대/상업용부동산임대계약서_0078.txt,책임 면제:1; 과도한 위약금:3
4,부동산매매_임대차_부동산임대/상업용부동산임대계약서_0333.txt,책임 면제:3; 과도한 위약금:1
4,부동산매매_임대차_부동산임대/상업용부동산임대계약서_0297.txt,책임 면제:3; 일방적 계약 해지:1
4,부동산매매_임대차_부동산임대/상업용부동산임대계약서_0249.txt,책임 면제:1; 과도한 위약금:3
4,부동산매매_임대차_부동산임대/상업용부동산임대계약서_0089.txt,책임 면제:3; 과도한 위약금:1
4,부동산매매_임대차_부동산임대/상업용부동산임대계약서_0260.txt,책임 면제:3; 과도한 위약금:1
4,부동산매매_임대차_부동산임대/상업용부동산임대계약서_0116.txt,책임 면제:1; 과도한 위약금:3
3,약관에의한계약_기타계약_표준약관/표준약관_0590.txt,과도한 위약금:2; 보증금 반환 지연:1
3,약관에의한계약_기타계약_표준약관/표준약관_0556.txt,책임 면제:3
3,약관에의한계약_기타계약_표준약관/표준약관_0230.txt,책임 면제:2; 일방적 계약 해지:1
3,약관에의한계약_기타계약_표준약관/표준약관_0190.txt,책임 면제:2; 과도한 위약금:1
3,약관에의한계약_기타계약_표준약관/표준약관_0597.txt,책임 면제:2; 과도한 위약금:1
3,약관에의한계약_기타계약_표준약관/표준약관_0453.txt,과도한 위약금:3
3,약관에의한계약_기타계약_표준약관/표준약관_0309.txt,책임 면제:3
3,약관에의한계약_기타계약_표준약관/표준약관_0122.txt,과도한 위약금:3
3,약관에의한계약_기타계약_표준약관/표준약관_0095.txt,책임 면제:2; 일방적 계약 해지:1
3,약관에의한계약_기타계약_표준약관/표준약관_0121.txt,과도한 위약금:3
3,약관에의한계약_기타계약_표준약관/표준약관_0479.txt,책임 면제:3
3,약관에의한계약_기타계약_표준약관/표준약관_0531.txt,책임 면제:1; 과도한 위약금:1; 보증금 반환 지연:1
3,약관에의한계약_기타계약_표준약관/표준약관_0069.txt,책임 면제:2; 과도한 위약금:1
3,약관에의한계약_기타계약_표준약관/표준약관_0045.txt,책임 면제:2; 과도한 위약금:1
3,약관에의한계약_기타계약_표준약관/표준약관_0469.txt,책임 면제:1; 일방적 계약 해지:2
3,약관에의한계약_기타계약_표준약관/표준약관_0327.txt,책임 면제:1; 과도한 위약금:2
3,약관에의한계약_기타계약_표준약관/표준약관_0441.txt,책임 면제:3
3,약관에의한계약_기타계약_표준약관/표준약관_0333.txt,책임 면제:2; 과도한 위약금:1
3,약관에의한계약_기타계약_표준약관/표준약관_0124.txt,과도한 위약금:3
3,약관에의한계약_기타계약_표준약관/표준약관_0468.txt,책임 면제:3
3,약관에의한계약_기타계약_표준약관/표준약관_0291.txt,책임 면제:3
3,약관에의한계약_기타계약_표준약관/표준약관_0330.txt,과도한 위약금:3
3,약관에의한계약_기타계약_표준약관/표준약관_0126.txt,책임 면제:2; 일방적 계약 해지:1
3,약관에의한계약_기타계약_표준약관/표준약관_0457.txt,책임 면제:2; 과도한 위약금:1
3,약관에의한계약_기타계약_표준약관/표준약관_0473.txt,책임 면제:2; 일방적 계약 해지:1
3,약관에의한계약_기타계약_표준약관/표준약관_0288.txt,책임 면제:2; 일방적 계약 해지:1
3,약관에의한계약_기타계약_표준약관/표준약관_0115.txt,과도한 위약금:3
3,약관에의한계약_기타계약_표준약관/표준약관_0289.txt,책임 면제:2; 일방적 계약 해지:1
3,약관에의한계약_기타계약_표준약관/표준약관_0538.txt,책임 면제:3
3,약관에의한계약_기타계약_표준약관/표준약관_0504.txt,과도한 위약금:3
3,약관에의한계약_기타계약_표준약관/표준약관_0515.txt,책임 면제:2; 과도한 위약금:1
3,약관에의한계약_기타계약_표준약관/표준약관_0059.txt,책임 면제:3
3,약관에의한계약_기타계약_표준약관/표준약관_0112.txt,책임 면제:3
3,약관에의한계약_기타계약_표준약관/표준약관_0405.txt,책임 면제:1; 과도한 위약금:1; 보증금 반환 지연:1
3,약관에의한계약_기타계약_표준약관/표준약관_0200.txt,책임 면제:3
3,약관에의한계약_기타계약_표준약관/표준약관_0360.txt,책임 면제:2; 일방적 계약 해지:1
3,약관에의한계약_기타계약_표준약관/표준약관_0374.txt,책임 면제:2; 일방적 계약 해지:1
3,약관에의한계약_기타계약_표준약관/표준약관_0189.txt,책임 면제:2; 과도한 위약금:1
3,약관에의한계약_기타계약_표준약관/표준약관_0375.txt,책임 면제:3
3,약관에의한계약_기타계약_표준약관/표준약관_0361.txt,책임 면제:2; 일방적 계약 해지:1
3,약관에의한계약_기타계약_표준약관/표준약관_0359.txt,책임 면제:2; 일방적 계약 해지:1
3,약관에의한계약_기타계약_표준약관/표준약관_0417.txt,과도한 위약금:2; 보증금 반환 지연:1
3,약관에의한계약_기타계약_표준약관/표준약관_0601.txt,책임 면제:3
3,약관에의한계약_기타계약_표준약관/표준약관_0010.txt,책임 면제:2; 일방적 계약 해지:1
3,대리점_프랜차이즈_대리점/대리점계약서_0036.txt,책임 면제:2; 일방적 계약 해지:1
3,대리점_프랜차이즈_대리점/대리점계약서_0150.txt,책임 면제:2; 일방적 계약 해지:1
3,대리점_프랜차이즈_대리점/대리점계약서_0041.txt,책임 면제:2; 일방적 계약 해지:1
3,대리점_프랜차이즈_대리점/대리점계약서_0094.txt,책임 면제:2; 일방적 계약 해지:1
3,대리점_프랜차이즈_대리점/대리점계약서_0039.txt,책임 면제:2; 일방적 계약 해지:1
3,대리점_프랜차이즈_대리점/대리점계약서_0005.txt,책임 면제:3
3,금전소비대차_채권_채무_금전거래/보증_담보계약서_0042.txt,책임 면제:3
3,인사_고용_노무_고용계약/기타고용계약서_0033.txt,책임 면제:2; 과도한 위약금:1
3,인사_고용_노무_고용계약/기타고용계약서_0147.txt,과도한 위약금:3
3,인사_고용_노무_고용계약/기타고용계약서_0379.txt,과도한 위약금:2; 일방적 계약 해지:1
3,인사_고용_노무_고용계약/기타고용계약서_0351.txt,책임 면제:2; 과도한 위약금:1
3,인사_고용_노무_고용계약/기타고용계약서_0385.txt,과도한 위약금:2; 일방적 계약 해지:1
3,인사_고용_노무_고용계약/기타고용계약서_0352.txt,책임 면제:2; 과도한 위약금:1
3,인사_고용_노무_고용계약/기타고용계약서_0346.txt,책임 면제:2; 과도한 위약금:1
3,인사_고용_노무_고용계약/기타고용계약서_0347.txt,책임 면제:2; 과도한 위약금:1
3,인사_고용_노무_고용계약/기타고용계약서_0409.txt,책임 면제:3
3,인사_고용_노무_고용계약/기타고용계약서_0394.txt,과도한 위약금:2; 일방적 계약 해지:1
3,인사_고용_노무_고용계약/기타고용계약서_0234.txt,책임 면제:3
3,인사_고용_노무_고용계약/기타고용계약서_0396.txt,과도한 위약금:2; 일방적 계약 해지:1
3,인사_고용_노무_고용계약/기타고용계약서_0157.txt,과도한 위약금:3
3,인사_고용_노무_고용계약/기타고용계약서_0235.txt,책임 면제:3
3,인사_고용_노무_고용계약/기타고용계약서_0443.txt,과도한 위약금:3
3,인사_고용_노무_고용계약/기타고용계약서_0132.txt,과도한 위약금:3
3,인사_고용_노무_고용계약/기타고용계약서_0064.txt,과도한 위약금:3
3,인사_고용_노무_고용계약/기타고용계약서_0402.txt,책임 면제:3
3,인사_고용_노무_고용계약/기타고용계약서_0403.txt,책임 면제:3
3,인사_고용_노무_고용계약/기타고용계약서_0159.txt,과도한 위약금:3
3,인사_고용_노무_고용계약/기타고용계약서_0158.txt,과도한 위약금:3
3,인사_고용_노무_고용계약/기타고용계약서_0028.txt,과도한 위약금:2; 일방적 계약 해지:1
3,인사_고용_노무_고용계약/기타고용계약서_0160.txt,과도한 위약금:3
3,인사_고용_노무_고용계약/기타고용계약서_0404.txt,책임 면제:3
3,인사_고용_노무_고용계약/기타고용계약서_0405.txt,책임 면제:3
3,인사_고용_노무_고용계약/기타고용계약서_0161.txt,과도한 위약금:3
3,인사_고용_노무_고용계약/기타고용계약서_0349.txt,책임 면제:2; 과도한 위약금:1
3,인사_고용_노무_고용계약/기타고용계약서_0348.txt,책임 면제:2; 과도한 위약금:1
3,인사_고용_노무_고용계약/기타고용계약서_0162.txt,과도한 위약금:3
3,인사_고용_노무_고용계약/기타고용계약서_0016.txt,책임 면제:3
3,부동산매매_임대차_부동산임대/상업용부동산임대계약서_0031.txt,과도한 위약금:2; 일방적 계약 해지:1
3,부동산매매_임대차_부동산임대/상업용부동산임대계약서_0147.txt,책임 면제:2; 일방적 계약 해지:1
3,부동산매매_임대차_부동산임대/상업용부동산임대계약서_0386.txt,책임 면제:1; 과도한 위약금:1; 보증금 반환 지연:1
3,부동산매매_임대차_부동산임대/상업용부동산임대계약서_0225.txt,책임 면제:2; 과도한 위약금:1
3,부동산매매_임대차_부동산임대/상업용부동산임대계약서_0033.txt,책임 면제:1; 과도한 위약금:2
3,부동산매매_임대차_부동산임대/상업용부동산임대계약서_0218.txt,책임 면제:3
3,부동산매매_임대차_부동산임대/상업용부동산임대계약서_0224.txt,책임 면제:1; 과도한 위약금:1; 보증금 반환 지연:1
3,부동산매매_임대차_부동산임대/상업용부동산임대계약서_0037.txt,책임 면제:1; 과도한 위약금:1; 보증금 반환 지연:1
3,부동산매매_임대차_부동산임대/상업용부동산임대계약서_0035.txt,책임 면제:2; 과도한 위약금:1
3,부동산매매_임대차_부동산임대/상업용부동산임대계약서_0292.txt,책임 면제:3
3,부동산매매_임대차_부동산임대/상업용부동산임대계약서_0132.txt,책임 면제:2; 일방적 계약 해지:1
3,부동산매매_임대차_부동산임대/상업용부동산임대계약서_0079.txt,책임 면제:2; 과도한 위약금:1
3,부동산매매_임대차_부동산임대/상업용부동산임대계약서_0131.txt,책임 면제:2; 과도한 위약금:1
3,부동산매매_임대차_부동산임대/상업용부동산임대계약서_0280.txt,책임 면제:2; 일방적 계약 해지:1
3,부동산매매_임대차_부동산임대/상업용부동산임대계약서_0134.txt,책임 면제:2; 과도한 위약금:1
3,부동산매매_임대차_부동산임대/상업용부동산임대계약서_0043.txt,책임 면제:3
3,부동산매매_임대차_부동산임대/상업용부동산임대계약서_0296.txt,책임 면제:2; 과도한 위약금:1
3,부동산매매_임대차_부동산임대/상업용부동산임대계약서_0106.txt,책임 면제:1; 과도한 위약금:1; 보증금 반환 지연:1
3,부동산매매_임대차_부동산임대/상업용부동산임대계약서_0265.txt,책임 면제:2; 일방적 계약 해지:1
3,부동산매매_임대차_부동산임대/상업용부동산임대계약서_0105.txt,책임 면제:2; 일방적 계약 해지:1
3,부동산매매_임대차_부동산임대/상업용부동산임대계약서_0267.txt,책임 면제:2; 과도한 위약금:1
3,부동산매매_임대차_부동산임대/상업용부동산임대계약서_0048.txt,일방적 계약 해지:3
3,부동산매매_임대차_부동산임대/상업용부동산임대계약서_0074.txt,책임 면제:2; 과도한 위약금:1
3,부동산매매_임대차_부동산임대/상업용부동산임대계약서_0077.txt,책임 면제:3
3,부동산매매_임대차_부동산임대/상업용부동산임대계약서_0373.txt,책임 면제:2; 과도한 위약금:1
3,부동산매매_임대차_부동산임대/상업용부동산임대계약서_0213.txt,책임 면제:3
3,부동산매매_임대차_부동산임대/상업용부동산임대계약서_0400.txt,책임 면제:2; 일방적 계약 해지:1
3,부동산매매_임대차_부동산임대/상업용부동산임대계약서_0399.txt,책임 면제:2; 일방적 계약 해지:1
3,부동산매매_임대차_부동산임대/상업용부동산임대계약서_0238.txt,책임 면제:2; 일방적 계약 해지:1
3,부동산매매_임대차_부동산임대/상업용부동산임대계약서_0239.txt,책임 면제:1; 과도한 위약금:1; 보증금 반환 지연:1
3,부동산매매_임대차_부동산임대/상업용부동산임대계약서_0215.txt,책임 면제:3
3,부동산매매_임대차_부동산임대/상업용부동산임대계약서_0214.txt,책임 면제:3
3,부동산매매_임대차_부동산임대/상업용부동산임대계약서_0216.txt,책임 면제:3
